#	Aladdin-GenieToolBar-Issue	aladdin-genietoolbar-issue	EXECUTE_BPN	Genie_Troubleshootingnew	Application/Software Issues	null	null	ACTIVE	null	{"lowConfidenceCqaStatus":"ENABLED","twoIntentCqaStatus":"ENABLED","keyPhrases":["genie","bar","aladdin","toolbar","launching"],"keyPhraseCreatorType":"MANUAL"}	NEVER	SUSPEND	null	AUTOMATIC	null	null	CONTINUE	null	null	#
#	AladdinTunnelStatus	aladdintunnelstatus	EXECUTE_BPN	opsBotEngine	Application/Software Issues	null	null	ACTIVE	null	{"lowConfidenceCqaStatus":"ENABLED","twoIntentCqaStatus":"ENABLED","keyPhrases":["aladdin tunnel","tunnel","aladdin","status","'s"],"keyPhraseCreatorType":"MANUAL"}	AUTOMATIC	SUSPEND	null	AUTOMATIC	null	null	IGNORE	null	null	#
#	BLK-BT-KeepWebExRecording	blkbt_webexrecpc	EXECUTE_BPN	null	BlackRock MeetMe	null	null	DISABLED	null	{"lowConfidenceCqaStatus":"ENABLED","twoIntentCqaStatus":"ENABLED","keyPhrases":["webex","recordings","view","webex recordings","the webex recordings"],"keyPhraseCreatorType":"MANUAL"}	AUTOMATIC	SUSPEND	null	AUTOMATIC	null	null	CONTINUE	null	null	#
#	BLK-BT-PickOwnCode	BLK-BT-PickOwnCode	EXECUTE_BPN	BLK-BT-PickOwnCode	BlackRock MeetMe	null	null	ACTIVE	null	{"lowConfidenceCqaStatus":"ENABLED","twoIntentCqaStatus":"ENABLED","keyPhrases":["bt","passcode","own","choose","conference"],"keyPhraseCreatorType":"MANUAL"}	AUTOMATIC	SUSPEND	null	AUTOMATIC	null	null	IGNORE	null	null	#
#	BLK-BT-WebExRecPC	blkbt_keepwebexrecording	EXECUTE_BPN	BLK-BT-WebExRecPC	BlackRock MeetMe	null	null	ACTIVE	null	{"lowConfidenceCqaStatus":"ENABLED","twoIntentCqaStatus":"ENABLED","keyPhrases":["recordings","webex","changes","site","my webex recordings"],"keyPhraseCreatorType":"MANUAL"}	AUTOMATIC	SUSPEND	null	AUTOMATIC	null	null	CONTINUE	null	null	#
#	BLK-Jabber-General	BLK-Jabber-General	EXECUTE_BPN	BLK-TES-JABBER-General	BlackRock MeetMe	null	null	ACTIVE	null	{"lowConfidenceCqaStatus":"ENABLED","twoIntentCqaStatus":"ENABLED","keyPhrases":["jabber","cisco jabber","cisco","forward","calls"],"keyPhraseCreatorType":"MANUAL"}	AUTOMATIC	COMPLETE	null	AUTOMATIC	null	null	IGNORE	null	null	#
#	BLK-MeetMe-General	blk-meetme-general	EXECUTE_BPN	BLK-TES-BMM-General	BlackRock MeetMe	null	null	ACTIVE	null	{"lowConfidenceCqaStatus":"ENABLED","twoIntentCqaStatus":"ENABLED","keyPhrases":["meet","meetme","id","clarification","blackrock"],"keyPhraseCreatorType":"MANUAL"}	AUTOMATIC	COMPLETE	null	AUTOMATIC	greeting	null	IGNORE	null	null	#
#	BLK-TES-BMM-OutlookPlugin	BLK-TES-BMM-OutlookPlugin	EXECUTE_BPN	BLK-TES-BMM-OutlookPlugin	BlackRock MeetMe	null	null	ACTIVE	null	{"lowConfidenceCqaStatus":"ENABLED","twoIntentCqaStatus":"ENABLED","keyPhrases":["meeting","app","outlook","cisco meeting","cisco"],"keyPhraseCreatorType":"MANUAL"}	AUTOMATIC	SUSPEND	null	AUTOMATIC	null	null	CONTINUE	null	null	#
#	BLK-TES-BMM-orBTMeetMe	BLK-TES-BMM-orBTMeetMe	EXECUTE_BPN	BLK-BT-WebExUnified	BlackRock MeetMe	null	null	ACTIVE	null	{"lowConfidenceCqaStatus":"ENABLED","twoIntentCqaStatus":"ENABLED","keyPhrases":["meetme","bt","blackrock meetme","bt meetme","blackrock"],"keyPhraseCreatorType":"MANUAL"}	AUTOMATIC	SUSPEND	null	AUTOMATIC	null	null	CONTINUE	null	null	#
#	BLK-TES-JABBER-ConfWindowsLayout	BLK-TES-JABBER-ConfWindowsLayout	EXECUTE_BPN	BLK-TES-JABBER-ConfWindowsLayout	Cisco Jabber FAQ	null	null	DISABLED	null	{"lowConfidenceCqaStatus":"ENABLED","twoIntentCqaStatus":"ENABLED","keyPhrases":["layout","meetme","video","the layout","change"],"keyPhraseCreatorType":"MANUAL"}	AUTOMATIC	SUSPEND	null	AUTOMATIC	null	null	CONTINUE	null	null	#
#	BLK-TES-JABBER-Headset	blk-tes-jabber-headset	EXECUTE_BPN	BLK-TES-JABBER-Headset	Cisco Jabber FAQ	null	null	DISABLED	null	{"lowConfidenceCqaStatus":"ENABLED","twoIntentCqaStatus":"ENABLED","keyPhrases":["headset","audio","headphones","calls","jabber"],"keyPhraseCreatorType":"MANUAL","actionPhrase":""}	AUTOMATIC	SUSPEND	null	AUTOMATIC	null	null	IGNORE	null	null	#
#	BLK-TES-JABBER-MobileSetup	blk-tes-jabber-mobilesetup	EXECUTE_BPN	BLK-BT-WebExUnified	Cisco Jabber FAQ	null	null	ACTIVE	null	{"lowConfidenceCqaStatus":"ENABLED","twoIntentCqaStatus":"ENABLED","keyPhrases":["jabber","phone","mobile","install","ipad"],"keyPhraseCreatorType":"MANUAL"}	AUTOMATIC	SUSPEND	null	AUTOMATIC	null	null	IGNORE	null	null	#
#	BLK-TES-JABBER-PersonalComp	BLK-TES-JABBER-PersonalComp	EXECUTE_BPN	BLK-TES-JABBER-PersonalComputer	Cisco Jabber FAQ	null	null	DISABLED	null	{"lowConfidenceCqaStatus":"ENABLED","twoIntentCqaStatus":"ENABLED","keyPhrases":["jabber","personal","my personal laptop","laptop","computer"],"keyPhraseCreatorType":"MANUAL"}	AUTOMATIC	SUSPEND	null	AUTOMATIC	null	null	IGNORE	null	null	#
#	BLK-TES-JABBER-PhoneMode	blk-tes-jabber-phonemode	EXECUTE_BPN	BLK-TES-JABBER-PhoneMode	Cisco Jabber FAQ	null	null	DISABLED	null	{"lowConfidenceCqaStatus":"ENABLED","twoIntentCqaStatus":"ENABLED","keyPhrases":["softphone","jabber","calls","computer","desk"],"keyPhraseCreatorType":"MANUAL","actionPhrase":""}	AUTOMATIC	SUSPEND	null	AUTOMATIC	null	null	IGNORE	null	null	#
#	BLKBT_ChangeCode	BLKBT_ChangeCode	EXECUTE_BPN	BLK-BT-ChangeCode	BlackRock MeetMe	null	null	ACTIVE	null	{"lowConfidenceCqaStatus":"ENABLED","twoIntentCqaStatus":"ENABLED","keyPhrases":["bt","code","change","passcode","passcodes"],"keyPhraseCreatorType":"MANUAL"}	AUTOMATIC	SUSPEND	null	AUTOMATIC	null	null	IGNORE	null	null	#
#	BLKBT_ExistingAccTerminated	blkbt_existingaccterminated	EXECUTE_BPN	BLK-BT-ExistingAccTerminated	BlackRock MeetMe	null	null	ACTIVE	null	{"lowConfidenceCqaStatus":"ENABLED","twoIntentCqaStatus":"ENABLED","keyPhrases":["bt","stop","passcode","passcodes","conference"],"keyPhraseCreatorType":"MANUAL"}	AUTOMATIC	SUSPEND	null	AUTOMATIC	null	null	CONTINUE	null	null	#
#	BLKBT_ForgetCode	blkbt_forgetcode	EXECUTE_BPN	BLK-BT-ForgetCode	BlackRock MeetMe	null	null	ACTIVE	null	{"lowConfidenceCqaStatus":"ENABLED","twoIntentCqaStatus":"ENABLED","keyPhrases":["passcode","bt","meetme","forgot","conference"],"keyPhraseCreatorType":"MANUAL"}	AUTOMATIC	SUSPEND	null	AUTOMATIC	null	null	CONTINUE	null	null	#
#	BLKBT_NeedMeetMeBridge	blkbt_needmeetmebridge	EXECUTE_BPN	BLK-BT-NeedMeetMeBridge	BlackRock MeetMe	null	null	ACTIVE	null	{"lowConfidenceCqaStatus":"ENABLED","twoIntentCqaStatus":"ENABLED","keyPhrases":["bt","meetme","account","bridge","conferencing"],"keyPhraseCreatorType":"MANUAL"}	AUTOMATIC	SUSPEND	null	AUTOMATIC	null	null	CONTINUE	null	null	#
#	BLKBT_SettingChanged	blkbt_settingchanged	EXECUTE_BPN	BLK-TES-BMM-AccSettingSame	BlackRock MeetMe	null	null	DISABLED	null	{"lowConfidenceCqaStatus":"ENABLED","twoIntentCqaStatus":"ENABLED","keyPhrases":[],"keyPhraseCreatorType":"MANUAL"}	AUTOMATIC	SUSPEND	null	AUTOMATIC	null	null	CONTINUE	null	null	#
#	BLKBT_SignToWebExFromOtherPC	blkbt_signtowebexfromotherpc	EXECUTE_BPN	BLK-BT-SignToWebExFromOtherPC	BlackRock MeetMe	null	null	ACTIVE	null	{"lowConfidenceCqaStatus":"ENABLED","twoIntentCqaStatus":"ENABLED","keyPhrases":["webex","computer","sign","my webex","my webex account"],"keyPhraseCreatorType":"MANUAL"}	AUTOMATIC	SUSPEND	null	AUTOMATIC	null	null	CONTINUE	null	null	#
#	BLKBT_WebExNewSite	blkbt_webexnewsite	EXECUTE_BPN	BLK-BT-WebExNewSite	BlackRock MeetMe	null	null	DISABLED	null	{"lowConfidenceCqaStatus":"ENABLED","twoIntentCqaStatus":"ENABLED","keyPhrases":["webex","site","the webex site","sso","the new webex site"],"keyPhraseCreatorType":"MANUAL"}	AUTOMATIC	SUSPEND	null	AUTOMATIC	null	null	CONTINUE	null	null	#
#	BLKBT_WebExProductivityTools	blkbt_webexproductivitytools	EXECUTE_BPN	BLK-BT-WebExUnified	BlackRock MeetMe	null	null	ACTIVE	null	{"lowConfidenceCqaStatus":"ENABLED","twoIntentCqaStatus":"ENABLED","keyPhrases":["webex","productivity","tools","configure","cisco webex productivity tools"],"keyPhraseCreatorType":"MANUAL"}	AUTOMATIC	SUSPEND	null	AUTOMATIC	null	null	CONTINUE	null	null	#
#	BLKBT_WebExUnified	blkbt_webexunified	EXECUTE_BPN	BLK-BT-WebExUnified	WebEx Unified	null	null	ACTIVE	null	{"lowConfidenceCqaStatus":"ENABLED","twoIntentCqaStatus":"ENABLED","keyPhrases":["webex unified","new webex"],"keyPhraseCreatorType":"MANUAL"}	AUTOMATIC	SUSPEND	null	AUTOMATIC	null	null	IGNORE	null	null	#
#	BLKBT_WebExUrl	blkbt_webexurl	EXECUTE_BPN	BLK-BT-WebExUrl	BlackRock MeetMe	null	null	ACTIVE	null	{"lowConfidenceCqaStatus":"ENABLED","twoIntentCqaStatus":"ENABLED","keyPhrases":["webex","url","link","the webex link","the url"],"keyPhraseCreatorType":"MANUAL"}	AUTOMATIC	SUSPEND	null	AUTOMATIC	null	null	CONTINUE	null	null	#
#	BLKBT_WebjoinWork	blkbt_webjoinwork	EXECUTE_BPN	BLK-BT-WebjoinWork	BlackRock MeetMe	null	null	DISABLED	null	{"lowConfidenceCqaStatus":"ENABLED","twoIntentCqaStatus":"ENABLED","keyPhrases":["webjoin","webjoin.com","www.webjoin.com","allowed","bt"],"keyPhraseCreatorType":"MANUAL"}	AUTOMATIC	SUSPEND	null	AUTOMATIC	null	null	CONTINUE	null	null	#
#	BLKBT_WhenNewCode	blkbt_whennewcode	EXECUTE_BPN	BLK-TES-BMM-GotNewPass	BlackRock MeetMe	null	null	DISABLED	null	{"lowConfidenceCqaStatus":"ENABLED","twoIntentCqaStatus":"ENABLED","keyPhrases":[],"keyPhraseCreatorType":"MANUAL"}	AUTOMATIC	SUSPEND	null	AUTOMATIC	null	null	CONTINUE	null	null	#
#	BLKTESJABBER-AMIeligible	BLKTESJABBER-AMIeligible	EXECUTE_BPN	BLK-TES-JABBER-AMIeligible	Cisco Jabber FAQ	null		DISABLED	null	{"lowConfidenceCqaStatus":"ENABLED","twoIntentCqaStatus":"ENABLED","keyPhrases":["jabber","qualify","to use","can use","a jabber account"],"keyPhraseCreatorType":"MANUAL"}	ALWAYS	SUSPEND	null	AUTOMATIC	null	null	CONTINUE	null	null	#
#	BLKTESJABBER-CUVAConnection	BLKTESJABBER-CUVAConnection	EXECUTE_BPN	BLK-TES-JABBER-CUVAConnection	Cisco Jabber FAQ	null		DISABLED	null	{"lowConfidenceCqaStatus":"ENABLED","twoIntentCqaStatus":"ENABLED","keyPhrases":["cuva","jabber","cuva and jabber","conference","video conference"],"keyPhraseCreatorType":"MANUAL"}	ALWAYS	SUSPEND	null	AUTOMATIC	null	null	CONTINUE	null	null	#
#	BLKTESJABBER-ChangeImage	BLKTESJABBER-ChangeImage	EXECUTE_BPN	BLK-BT-WebExUnified	Cisco Jabber FAQ	null		ACTIVE	null	{"lowConfidenceCqaStatus":"ENABLED","twoIntentCqaStatus":"ENABLED","keyPhrases":["jabber","avatar","change","image","icon"],"keyPhraseCreatorType":"MANUAL"}	ALWAYS	SUSPEND	null	AUTOMATIC	null	null	CONTINUE	null	null	#
#	BLKTESJABBER-ChatWithOtherEmp	BLKTESJABBER-ChatWithOtherEmp	EXECUTE_BPN	BLK-TES-JABBER-ChatWithOtherEmp	Cisco Jabber FAQ	null		DISABLED	null	{"lowConfidenceCqaStatus":"ENABLED","twoIntentCqaStatus":"ENABLED","keyPhrases":["chat","jabber","jabber chat","can not chat","ca n't chat"],"keyPhraseCreatorType":"MANUAL"}	ALWAYS	SUSPEND	null	AUTOMATIC	null	null	CONTINUE	null	null	#
#	BLKTESJABBER-ConnectVMM	BLKTESJABBER-ConnectVMM	EXECUTE_BPN	BLK-TES-JABBER-ConnectVMM	Cisco Jabber FAQ	null		DISABLED	null	{"lowConfidenceCqaStatus":"ENABLED","twoIntentCqaStatus":"ENABLED","keyPhrases":["jabber","vmm","meet","video","connect"],"keyPhraseCreatorType":"MANUAL"}	ALWAYS	SUSPEND	null	AUTOMATIC	null	null	CONTINUE	null	null	#
#	BLKTESJABBER-HideMenuBar	blktesjabber-hidemenubar	EXECUTE_BPN	BLK-TES-JABBER-HideMenuBar	Cisco Jabber FAQ	null		DISABLED	null	{"lowConfidenceCqaStatus":"ENABLED","twoIntentCqaStatus":"ENABLED","keyPhrases":["menu","bar","hide","jabber","the menu bar"],"keyPhraseCreatorType":"MANUAL"}	ALWAYS	SUSPEND	null	AUTOMATIC	null	null	CONTINUE	null	null	#
#	BLKTESJABBER-IdentifyHardware	blktesjabber-identifyhardware	EXECUTE_BPN	BLK-TES-JABBER-IssueVideoNotShowing	Cisco Jabber FAQ	null		DISABLED	null	{"lowConfidenceCqaStatus":"ENABLED","twoIntentCqaStatus":"ENABLED","keyPhrases":["connected","devices","camera","equipped","whichheadset"],"keyPhraseCreatorType":"MANUAL"}	ALWAYS	SUSPEND	null	AUTOMATIC	null	null	CONTINUE	null	null	#
#	BLKTESJABBER-IsInstalled	blktesjabber-isinstalled	EXECUTE_BPN	BLK-TES-JABBER-IsInstalled	Cisco Jabber FAQ	null		ACTIVE	null	{"lowConfidenceCqaStatus":"ENABLED","twoIntentCqaStatus":"ENABLED","keyPhrases":["jabber","installed","looked","computer","searching"],"keyPhraseCreatorType":"MANUAL"}	ALWAYS	SUSPEND	null	AUTOMATIC	null	null	CONTINUE	null	null	#
#	BLKTESJABBER-IssueInstallation	blktesjabber-issueinstallation	EXECUTE_BPN	BLK-TES-JABBER-IssueInstallation	Cisco Jabber FAQ	null		ACTIVE	null	{"lowConfidenceCqaStatus":"ENABLED","twoIntentCqaStatus":"ENABLED","keyPhrases":["jabber","support","reach","help","jabber support"],"keyPhraseCreatorType":"MANUAL"}	ALWAYS	SUSPEND	null	AUTOMATIC	null	null	CONTINUE	null	null	#
#	BLKTESJABBER-IssueVideoNotShowing	blktesjabber-issuevideonotshowing	EXECUTE_BPN	BLK-TES-JABBER-IssueVideoNotShowing	Cisco Jabber FAQ	null		ACTIVE	null	{"lowConfidenceCqaStatus":"ENABLED","twoIntentCqaStatus":"ENABLED","keyPhrases":["jabber","camera","video","microphone","mic"],"keyPhraseCreatorType":"MANUAL"}	ALWAYS	SUSPEND	null	AUTOMATIC	null	null	CONTINUE	null	null	#
#	BLKTESJABBER-KeepVideoWindows	blktesjabber-keepvideowindows	EXECUTE_BPN	BLK-TES-JABBER-KeepVideoWindows	Cisco Jabber FAQ	null		ACTIVE	null	{"lowConfidenceCqaStatus":"ENABLED","twoIntentCqaStatus":"ENABLED","keyPhrases":["jabber","settings","window","video","video window"],"keyPhraseCreatorType":"MANUAL"}	ALWAYS	SUSPEND	null	AUTOMATIC	null	null	CONTINUE	null	null	#
#	BLKTESJABBER-Login	blktesjabber-login	EXECUTE_BPN	BLK-TES-JABBER-Login	Cisco Jabber FAQ	null		DISABLED	null	{"lowConfidenceCqaStatus":"ENABLED","twoIntentCqaStatus":"ENABLED","keyPhrases":["jabber","login","log","logging","signing"],"keyPhraseCreatorType":"MANUAL"}	NEVER	COMPLETE	null	NEVER	greeting	null	CONTINUE	null	null	#
#	BLKTESJABBER-MultipleDevices	blktesjabber-multipledevices	EXECUTE_BPN	BLK-TES-JABBER-MultipleDevices	Cisco Jabber FAQ	null		DISABLED	null	{"lowConfidenceCqaStatus":"ENABLED","twoIntentCqaStatus":"ENABLED","keyPhrases":["jabber","devices","download","installations","multiple devices"],"keyPhraseCreatorType":"MANUAL"}	ALWAYS	SUSPEND	null	AUTOMATIC	null	null	CONTINUE	null	null	#
#	BLKTESJABBER-MuteVideo	BLKTESJABBER-MuteVideo	EXECUTE_BPN	BLK-TES-JABBER-MuteVideo	Cisco Jabber FAQ	null	null	ACTIVE	null	{"lowConfidenceCqaStatus":"ENABLED","twoIntentCqaStatus":"ENABLED","keyPhrases":["video","mute","jabber","camera","participants"],"keyPhraseCreatorType":"MANUAL"}	AUTOMATIC	SUSPEND	null	AUTOMATIC	null	null	CONTINUE	null	null	#
#	BLKTESJABBER-ShareContent	blktesjabber-sharecontent	EXECUTE_BPN	BLK-TES-JABBER-ShareContent	Cisco Jabber FAQ	null		DISABLED	null	{"lowConfidenceCqaStatus":"ENABLED","twoIntentCqaStatus":"ENABLED","keyPhrases":["jabber","share","documents","docs","to share"],"keyPhraseCreatorType":"MANUAL"}	ALWAYS	SUSPEND	null	AUTOMATIC	null	null	CONTINUE	null	null	#
#	BLKTESJABBER-SymphonyPresence	blktesjabber-symphonypresence	EXECUTE_BPN	BLK-TES-JABBER-SymphonyPresence	Cisco Jabber FAQ	null		DISABLED	null	{"lowConfidenceCqaStatus":"ENABLED","twoIntentCqaStatus":"ENABLED","keyPhrases":["genie","status","jabber","symphony","the same status"],"keyPhraseCreatorType":"MANUAL"}	ALWAYS	SUSPEND	null	AUTOMATIC	null	null	CONTINUE	null	null	#
#	BLKTESJABBER-VoicemailDelete	blktesjabber-voicemaildelete	EXECUTE_BPN	BLK-TES-JABBER-VoicemailDelete	Cisco Jabber FAQ	null		DISABLED	null	{"lowConfidenceCqaStatus":"ENABLED","twoIntentCqaStatus":"ENABLED","keyPhrases":["jabber","delete","voice","messages","to delete"],"keyPhraseCreatorType":"MANUAL"}	ALWAYS	SUSPEND	null	AUTOMATIC	null	null	CONTINUE	null	null	#
#	BLKTESJABBER-VoicemailListen	blktesjabber-voicemaillisten	EXECUTE_BPN	BLK-TES-JABBER-VoicemailListen	Cisco Jabber FAQ	null		DISABLED	null	{"lowConfidenceCqaStatus":"ENABLED","twoIntentCqaStatus":"ENABLED","keyPhrases":["jabber","listen","voice","messages","voicemails"],"keyPhraseCreatorType":"MANUAL"}	ALWAYS	SUSPEND	null	AUTOMATIC	null	null	CONTINUE	null	null	#
#	BLKTES_BMM_AccSettingSame	BLKTES_BMM_AccSettingSame	EXECUTE_BPN	BLK-TES-BMM-AccSettingSame	BlackRock MeetMe	null		ACTIVE	null	{"lowConfidenceCqaStatus":"ENABLED","twoIntentCqaStatus":"ENABLED","keyPhrases":["settings","bt","entry","personalized","tones"],"keyPhraseCreatorType":"MANUAL"}	ALWAYS	SUSPEND	null	AUTOMATIC	null	null	CONTINUE	null	null	#
#	BLKTES_BMM_ApplyBMM	BLKTES_BMM_ApplyBMM	EXECUTE_BPN	BLK-TES-BMM-ApplyBMM	BlackRock MeetMe	null		ACTIVE	null	{"lowConfidenceCqaStatus":"ENABLED","twoIntentCqaStatus":"ENABLED","keyPhrases":["meetme","apply","a meetme passcode","passcode","account"],"keyPhraseCreatorType":"MANUAL"}	ALWAYS	SUSPEND	null	AUTOMATIC	null	null	CONTINUE	null	null	#
#	BLKTES_BMM_CMAUpdated	BLKTES_BMM_CMAUpdated	EXECUTE_BPN	BLK-TES-BMM-CMAUpdated	BlackRock MeetMe	null		ACTIVE	null	{"lowConfidenceCqaStatus":"ENABLED","twoIntentCqaStatus":"ENABLED","keyPhrases":["cma","cisco","updated","app","the new accounts"],"keyPhraseCreatorType":"MANUAL"}	ALWAYS	SUSPEND	null	AUTOMATIC	null	null	CONTINUE	null	null	#
#	BLKTES_BMM_ChairPass	BLKTES_BMM_ChairPass	EXECUTE_BPN	BLK-TES-BMM-ChairPass	BlackRock MeetMe	null		ACTIVE	null	{"lowConfidenceCqaStatus":"ENABLED","twoIntentCqaStatus":"ENABLED","keyPhrases":["chairperson","code","the chairperson code","my chairperson code","chairperson code"],"keyPhraseCreatorType":"MANUAL"}	ALWAYS	SUSPEND	null	AUTOMATIC	null	null	CONTINUE	null	null	#
#	BLKTES_BMM_ChangeCurrPass	BLKTES_BMM_ChangeCurrPass	EXECUTE_BPN	BLK-BT-ChangeCode	BlackRock MeetMe	null		DISABLED	null	{"lowConfidenceCqaStatus":"ENABLED","twoIntentCqaStatus":"ENABLED","keyPhrases":["passcode","change","meetme","my meetme passcode","meet"],"keyPhraseCreatorType":"MANUAL"}	ALWAYS	SUSPEND	null	AUTOMATIC	null	null	CONTINUE	null	null	#
#	BLKTES_BMM_ForgotNewPass	BLKTES_BMM_ForgotNewPass	EXECUTE_BPN	BLK-TES-BMM-ForgotNewPass	BLKTES_BMM_ForgotNewPass	null		DISABLED	null	{"lowConfidenceCqaStatus":"ENABLED","twoIntentCqaStatus":"ENABLED","keyPhrases":[],"keyPhraseCreatorType":"MANUAL"}	ALWAYS	SUSPEND	null	AUTOMATIC	null	null	CONTINUE	null	null	#
#	BLKTES_BMM_GlobalAccessNoChange	BLKTES_BMM_GlobalAccessNoChange	EXECUTE_BPN	BLK-BT-GlobalAccessNoChange	BlackRock MeetMe	null	null	ACTIVE	null	{"lowConfidenceCqaStatus":"ENABLED","twoIntentCqaStatus":"ENABLED","keyPhrases":["dial","bt","global","external","change"],"keyPhraseCreatorType":"MANUAL"}	AUTOMATIC	SUSPEND	null	AUTOMATIC	null	null	IGNORE	null	null	#
#	BLKTES_BMM_GlobalAccessNumberChange	BLKTES_BMM_GlobalAccessNumberChange	EXECUTE_BPN	BLK-BT-GlobalAccessNoChange	BLKTES_BMM_GlobalAccessNumberChange	null		DISABLED	null	{"lowConfidenceCqaStatus":"ENABLED","twoIntentCqaStatus":"ENABLED","keyPhrases":[],"keyPhraseCreatorType":"MANUAL"}	ALWAYS	SUSPEND	null	AUTOMATIC	null	null	CONTINUE	null	null	#
#	BLKTES_BMM_GotNewPass	BLKTES_BMM_GotNewPass	EXECUTE_BPN	BLK-TES-BMM-GotNewPass	BlackRock MeetMe	null		ACTIVE	null	{"lowConfidenceCqaStatus":"ENABLED","twoIntentCqaStatus":"ENABLED","keyPhrases":["passcode","bt","conference","new","meetme"],"keyPhraseCreatorType":"MANUAL"}	ALWAYS	SUSPEND	null	AUTOMATIC	null	null	CONTINUE	null	null	#
#	BLKTES_BMM_GroupBMM	BLKTES_BMM_GroupBMM	EXECUTE_BPN	BLK-TES-BMM-GroupBMM	BLKTES_BMM_GroupBMM	null		DISABLED	null	{"lowConfidenceCqaStatus":"ENABLED","twoIntentCqaStatus":"ENABLED","keyPhrases":[],"keyPhraseCreatorType":"MANUAL"}	ALWAYS	SUSPEND	null	AUTOMATIC	null	null	CONTINUE	null	null	#
#	BLKTES_BMM_Intg_MyNewVMM	blktes_bmm_intg_mynewvmm	EXECUTE_BPN	BLK-BT-ForgetCode	Meeting Number	null		DISABLED	null	{"lowConfidenceCqaStatus":"ENABLED","twoIntentCqaStatus":"ENABLED","keyPhrases":[],"keyPhraseCreatorType":"MANUAL"}	ALWAYS	SUSPEND	null	AUTOMATIC	null	null	CONTINUE	null	null	#
#	BLKTES_BMM_OldAccTerminated	BLKTES_BMM_OldAccTerminated	EXECUTE_BPN	BLK-BT-ExistingAccTerminated	BLKTES_BMM_OldAccTerminated	null		DISABLED	null	{"lowConfidenceCqaStatus":"ENABLED","twoIntentCqaStatus":"ENABLED","keyPhrases":[],"keyPhraseCreatorType":"MANUAL"}	ALWAYS	SUSPEND	null	AUTOMATIC	null	null	CONTINUE	null	null	#
#	BLKTES_BMM_PickMyPass	BLKTES_BMM_PickMyPass	EXECUTE_BPN	BLK-BT-PickOwnCode	BLKTES_BMM_PickMyPass	null		DISABLED	null	{"lowConfidenceCqaStatus":"ENABLED","twoIntentCqaStatus":"ENABLED","keyPhrases":[],"keyPhraseCreatorType":"MANUAL"}	ALWAYS	SUSPEND	null	AUTOMATIC	null	null	CONTINUE	null	null	#
#	BLKTES_BMM_RequestPass	BLKTES_BMM_RequestPass	EXECUTE_BPN	BLK-TES-BMM-RequestPass	BLKTES_BMM_RequestPass	null		DISABLED	null	{"lowConfidenceCqaStatus":"ENABLED","twoIntentCqaStatus":"ENABLED","keyPhrases":[],"keyPhraseCreatorType":"MANUAL"}	ALWAYS	SUSPEND	null	AUTOMATIC	null	null	CONTINUE	null	null	#
#	BLKTES_BMM_WHYChangePass	BLKTES_BMM_WHYChangePass	EXECUTE_BPN	BLK-TES-BMM-WHYChangePass	BLKTES_BMM_WHYChangePass	null		DISABLED	null	{"lowConfidenceCqaStatus":"ENABLED","twoIntentCqaStatus":"ENABLED","keyPhrases":[],"keyPhraseCreatorType":"MANUAL"}	ALWAYS	SUSPEND	null	AUTOMATIC	null	null	CONTINUE	null	null	#
#	BMSHosts	bmshosts	EXECUTE_BPN	opsBotEngine	opsBotEngine BMSHosts intent	null	null	ACTIVE	null	{"lowConfidenceCqaStatus":"ENABLED","twoIntentCqaStatus":"ENABLED","keyPhrases":["bms","report","bms report","bms hosts","hosts"],"keyPhraseCreatorType":"AUTOMATIC"}	AUTOMATIC	SUSPEND	null	AUTOMATIC	null	null	IGNORE	null	null	#
#	BookingConferenceRoom	BookingConferenceRoom	EXECUTE_BPN	HY_ConferenceRoomBooking	null	null	null	ACTIVE	BookingConferenceRoom	{"lowConfidenceCqaStatus":"ENABLED","twoIntentCqaStatus":"ENABLED","keyPhrases":[],"keyPhraseCreatorType":"MANUAL"}	AUTOMATIC	SUSPEND	null	AUTOMATIC	null	null	IGNORE	null	null	#
#	Coupa-Access	Coupa-Access	EXECUTE_BPN	coupaInvoiceMain	Vendor Requisition Status	null	null	ACTIVE	null	{"lowConfidenceCqaStatus":"ENABLED","twoIntentCqaStatus":"ENABLED","keyPhrases":["coupa","sows","staples","export","signed"],"keyPhraseCreatorType":"MANUAL"}	AUTOMATIC	SUSPEND	null	AUTOMATIC	null	null	IGNORE	null	null	#
#	Coupa-AccessCatalog	Coupa-AccessCatalog	EXECUTE_BPN	coupaReqHelp	Vendor Requisition Status	null	null	ACTIVE	null	{"lowConfidenceCqaStatus":"ENABLED","twoIntentCqaStatus":"ENABLED","keyPhrases":["catalog","cdw","coupa","access","my catalog"],"keyPhraseCreatorType":"MANUAL"}	AUTOMATIC	SUSPEND	null	AUTOMATIC	null	null	IGNORE	null	null	#
#	Coupa-ApprovalDate	Coupa-ApprovalDate	EXECUTE_BPN	coupaInvoiceMain	Vendor Requisition Status	null	null	ACTIVE	null	{"lowConfidenceCqaStatus":"ENABLED","twoIntentCqaStatus":"ENABLED","keyPhrases":["approval","track","invoices","verify","ap"],"keyPhraseCreatorType":"MANUAL"}	AUTOMATIC	SUSPEND	null	AUTOMATIC	null	null	IGNORE	null	null	#
#	Coupa-ApproveReq	Coupa-ApproveReq	EXECUTE_BPN	coupaReqHelp	Vendor Requisition Status	null	null	ACTIVE	null	{"lowConfidenceCqaStatus":"ENABLED","twoIntentCqaStatus":"ENABLED","keyPhrases":["approve","requisitions","to approve","a requisition","a req"],"keyPhraseCreatorType":"MANUAL"}	AUTOMATIC	SUSPEND	null	AUTOMATIC	null	null	IGNORE	null	null	#
#	Coupa-CSP	Coupa-CSP	EXECUTE_BPN	coupaReqHelp	Vendor Invoice/Requisition Status	null	null	ACTIVE	null	{"lowConfidenceCqaStatus":"ENABLED","twoIntentCqaStatus":"ENABLED","keyPhrases":["supplier","coupa","csp","guide","join"],"keyPhraseCreatorType":"MANUAL"}	AUTOMATIC	SUSPEND	null	AUTOMATIC	null	null	IGNORE	null	null	#
#	Coupa-Cancel-Withdraw-PO	Coupa-Cancel-Withdraw-PO	EXECUTE_BPN	coupaReqHelp	Vendor Requisition Status	null	null	ACTIVE	null	{"lowConfidenceCqaStatus":"ENABLED","twoIntentCqaStatus":"ENABLED","keyPhrases":["po","this purchase order","to withdraw","withdraw","to cancel"],"keyPhraseCreatorType":"MANUAL"}	AUTOMATIC	SUSPEND	null	AUTOMATIC	null	null	IGNORE	null	null	#
#	Coupa-Change Requester	Coupa-Change_Requester	EXECUTE_BPN	coupaReqHelp	Vendor Requisition Status	null	null	ACTIVE	null	{"lowConfidenceCqaStatus":"ENABLED","twoIntentCqaStatus":"ENABLED","keyPhrases":[],"keyPhraseCreatorType":"MANUAL"}	AUTOMATIC	SUSPEND	null	AUTOMATIC	null	null	IGNORE	null	null	#
#	Coupa-CopyReq	Coupa-CopyReq	EXECUTE_BPN	coupaReqHelp	Vendor Requisition Status	null	null	ACTIVE	null	{"lowConfidenceCqaStatus":"ENABLED","twoIntentCqaStatus":"ENABLED","keyPhrases":["copy","a req request","request","po","to recycle"],"keyPhraseCreatorType":"MANUAL"}	AUTOMATIC	SUSPEND	null	AUTOMATIC	null	null	IGNORE	null	null	#
#	Coupa-Disambiguation	coupa-disambiguation	EXECUTE_BPN	coupaDisambiguation	Vendor Invoice/Requisition Status	null	null	ACTIVE	null	{"lowConfidenceCqaStatus":"ENABLED","twoIntentCqaStatus":"ENABLED","keyPhrases":[],"keyPhraseCreatorType":"MANUAL"}	AUTOMATIC	SUSPEND	null	AUTOMATIC	greeting	null	IGNORE	null	null	#
#	Coupa-FAQ-InvoiceCancel	Coupa-FAQ-InvoiceCancel	EXECUTE_BPN	coupaInvoiceMain	Vendor Invoice Status	null	null	ACTIVE	null	{"lowConfidenceCqaStatus":"ENABLED","twoIntentCqaStatus":"ENABLED","keyPhrases":["cancel","the invoice 6546456","6546456","coupa","invoice"],"keyPhraseCreatorType":"MANUAL"}	AUTOMATIC	SUSPEND	null	AUTOMATIC	null	null	IGNORE	null	null	#
#	Coupa-FAQ-InvoiceCopy	Coupa-FAQ-InvoiceCopy	EXECUTE_BPN	coupaInvoiceMain	Vendor Invoice Status	null	null	ACTIVE	null	{"lowConfidenceCqaStatus":"ENABLED","twoIntentCqaStatus":"ENABLED","keyPhrases":["a copy","inv","copy","an invoice","invoice"],"keyPhraseCreatorType":"MANUAL"}	AUTOMATIC	SUSPEND	null	AUTOMATIC	null	null	IGNORE	null	null	#
#	Coupa-FAQ-InvoiceReissue	Coupa-FAQ-InvoiceReissue	EXECUTE_BPN	coupaInvoiceMain	Vendor Invoice Status	null	null	ACTIVE	null	{"lowConfidenceCqaStatus":"ENABLED","twoIntentCqaStatus":"ENABLED","keyPhrases":["reissue","invoice","reissued","to be reissued","an invoice"],"keyPhraseCreatorType":"MANUAL"}	AUTOMATIC	SUSPEND	null	AUTOMATIC	null	null	IGNORE	null	null	#
#	Coupa-FAQ-InvoiceSubmission	Coupa-FAQ-InvoiceSubmission	EXECUTE_BPN	coupaInvoiceMain	Vendor Invoice Status	null	null	ACTIVE	null	{"lowConfidenceCqaStatus":"ENABLED","twoIntentCqaStatus":"ENABLED","keyPhrases":["inv","coupa","submit","submitting","vendors"],"keyPhraseCreatorType":"MANUAL"}	AUTOMATIC	SUSPEND	null	AUTOMATIC	null	null	IGNORE	null	null	#
#	Coupa-FAQ-InvoiceSubmitter	Coupa-FAQ-InvoiceSubmitter	EXECUTE_BPN	coupaInvoiceMain	Vendor Invoice Status	null	null	ACTIVE	null	{"lowConfidenceCqaStatus":"ENABLED","twoIntentCqaStatus":"ENABLED","keyPhrases":["submitted","payment","coupa","an invoice","invoice"],"keyPhraseCreatorType":"MANUAL"}	AUTOMATIC	SUSPEND	null	AUTOMATIC	null	null	IGNORE	null	null	#
#	Coupa-FAQ-UpdateWorkflow	Coupa-FAQ-UpdateWorkflow	EXECUTE_BPN	coupaInvoiceMain	Vendor Invoice Status	null	null	ACTIVE	null	{"lowConfidenceCqaStatus":"ENABLED","twoIntentCqaStatus":"ENABLED","keyPhrases":["tag","workflow","tagged","invoice","the workflow"],"keyPhraseCreatorType":"MANUAL"}	AUTOMATIC	SUSPEND	null	AUTOMATIC	null	null	IGNORE	null	null	#
#	Coupa-FAQ-VendorEmail	Coupa-FAQ-VendorEmail	EXECUTE_BPN	coupaInvoiceMain	Vendor Invoice Status	null	null	ACTIVE	null	{"lowConfidenceCqaStatus":"ENABLED","twoIntentCqaStatus":"ENABLED","keyPhrases":["registered","vendor","registered e-mail address","the registered email address","these vendor"],"keyPhraseCreatorType":"MANUAL"}	AUTOMATIC	SUSPEND	null	AUTOMATIC	null	null	IGNORE	null	null	#
#	Coupa-InvoiceDispute	Coupa-InvoiceDispute	EXECUTE_BPN	coupaInvoiceMain	Vendor Invoice Status	null	null	ACTIVE	null	{"lowConfidenceCqaStatus":"ENABLED","twoIntentCqaStatus":"ENABLED","keyPhrases":["dispute","dispute status","fix","invoice","status"],"keyPhraseCreatorType":"MANUAL"}	AUTOMATIC	SUSPEND	null	AUTOMATIC	null	null	IGNORE	null	null	#
#	Coupa-InvoiceDraft	Coupa-InvoiceDraft	EXECUTE_BPN	coupaInvoiceMain	Vendor Invoice Status	null	null	ACTIVE	null	{"lowConfidenceCqaStatus":"ENABLED","twoIntentCqaStatus":"ENABLED","keyPhrases":["draft","invoice","submitted","processed","status"],"keyPhraseCreatorType":"MANUAL"}	AUTOMATIC	SUSPEND	null	AUTOMATIC	null	null	IGNORE	null	null	#
#	Coupa-InvoiceExpedite	Coupa-InvoiceExpedite	EXECUTE_BPN	coupaInvoiceMain	Vendor Invoice Status	null	null	ACTIVE	null	{"lowConfidenceCqaStatus":"ENABLED","twoIntentCqaStatus":"ENABLED","keyPhrases":["processing","speed","submitted","asap","ref"],"keyPhraseCreatorType":"MANUAL"}	AUTOMATIC	SUSPEND	null	AUTOMATIC	null	null	IGNORE	null	null	#
#	Coupa-InvoiceHold	Coupa-InvoiceHold	EXECUTE_BPN	coupaInvoiceMain	Vendor Invoice Status	null	null	ACTIVE	null	{"lowConfidenceCqaStatus":"ENABLED","twoIntentCqaStatus":"ENABLED","keyPhrases":["hold","invoice","remove","the hold","42353"],"keyPhraseCreatorType":"MANUAL"}	AUTOMATIC	SUSPEND	null	AUTOMATIC	null	null	IGNORE	null	null	#
#	Coupa-InvoicePending	Coupa-InvoicePending	EXECUTE_BPN	coupaInvoiceMain	Vendor Invoice Status	null	null	ACTIVE	null	{"lowConfidenceCqaStatus":"ENABLED","twoIntentCqaStatus":"ENABLED","keyPhrases":["pending","invoices","pending action","approval","action"],"keyPhraseCreatorType":"MANUAL"}	AUTOMATIC	SUSPEND	null	AUTOMATIC	null	null	IGNORE	null	null	#
#	Coupa-InvoiceRejected	Coupa-InvoiceRejected	EXECUTE_BPN	coupaInvoiceMain	Vendor Invoice Status	null	null	ACTIVE	null	{"lowConfidenceCqaStatus":"ENABLED","twoIntentCqaStatus":"ENABLED","keyPhrases":["rejected","invoice","coupa","was rejected","invoice number"],"keyPhraseCreatorType":"MANUAL"}	AUTOMATIC	SUSPEND	null	AUTOMATIC	null	null	IGNORE	null	null	#
#	Coupa-InvoiceStatus	Coupa-InvoiceStatus	EXECUTE_BPN	coupaInvoiceMain	Vendor Invoice Status	null	null	ACTIVE	null	{"lowConfidenceCqaStatus":"ENABLED","twoIntentCqaStatus":"ENABLED","keyPhrases":["invoice","status","1232","inv","cancel"],"keyPhraseCreatorType":"MANUAL"}	AUTOMATIC	SUSPEND	null	AUTOMATIC	coupaInvoiceMain	null	IGNORE	null	null	#
#	Coupa-InvoiceVoided	Coupa-InvoiceVoided	EXECUTE_BPN	coupaInvoiceMain	Vendor Invoice Status	null	null	ACTIVE	null	{"lowConfidenceCqaStatus":"ENABLED","twoIntentCqaStatus":"ENABLED","keyPhrases":["voided","invoice","coupa"],"keyPhraseCreatorType":"MANUAL"}	AUTOMATIC	SUSPEND	null	AUTOMATIC	null	null	IGNORE	null	null	#
#	Coupa-POclosed	Coupa-POclosed	EXECUTE_BPN	coupaReqHelp	Vendor Requisition Status	null	null	ACTIVE	null	{"lowConfidenceCqaStatus":"ENABLED","twoIntentCqaStatus":"ENABLED","keyPhrases":["closed","po","soft","close","requisition"],"keyPhraseCreatorType":"MANUAL"}	AUTOMATIC	SUSPEND	null	AUTOMATIC	null	null	IGNORE	null	null	#
#	Coupa-PaymentDate	Coupa-PaymentDate	EXECUTE_BPN	coupaInvoiceMain	Vendor Invoice Status	null	null	ACTIVE	null	{"lowConfidenceCqaStatus":"ENABLED","twoIntentCqaStatus":"ENABLED","keyPhrases":["invoice","payment","paid","date","1232"],"keyPhraseCreatorType":"MANUAL"}	AUTOMATIC	SUSPEND	null	AUTOMATIC	null	null	IGNORE	null	null	#
#	Coupa-PendingBuyerAction	Coupa-PendingBuyerAction	EXECUTE_BPN	coupaReqHelp	Vendor Requisition Status	null	null	ACTIVE	null	{"lowConfidenceCqaStatus":"ENABLED","twoIntentCqaStatus":"ENABLED","keyPhrases":["action","pending","buyer","requisiton","buying"],"keyPhraseCreatorType":"MANUAL"}	AUTOMATIC	SUSPEND	null	AUTOMATIC	null	null	IGNORE	null	null	#
#	Coupa-Re-issuePO	Coupa-Re-issuePO	EXECUTE_BPN	coupaReqHelp	Vendor Requisition Status	null	null	ACTIVE	null	{"lowConfidenceCqaStatus":"ENABLED","twoIntentCqaStatus":"ENABLED","keyPhrases":["supplier","po","did not receive","sent","the po"],"keyPhraseCreatorType":"MANUAL"}	AUTOMATIC	SUSPEND	null	AUTOMATIC	null	null	IGNORE	null	null	#
#	Coupa-RejectReq	Coupa-RejectReq	EXECUTE_BPN	coupaReqHelp	Vendor Requisition Status	null	null	ACTIVE	null	{"lowConfidenceCqaStatus":"ENABLED","twoIntentCqaStatus":"ENABLED","keyPhrases":["rejected","undo","accident","a requisiton","this requistion"],"keyPhraseCreatorType":"MANUAL"}	AUTOMATIC	SUSPEND	null	AUTOMATIC	null	null	IGNORE	null	null	#
#	Coupa-Req-ApprovalError	Coupa-Req-ApprovalError	EXECUTE_BPN	coupaReqHelp	Vendor Requisition Status	null	null	ACTIVE	null	{"lowConfidenceCqaStatus":"ENABLED","twoIntentCqaStatus":"ENABLED","keyPhrases":["approved","req","mistake","accident","clicked"],"keyPhraseCreatorType":"MANUAL"}	AUTOMATIC	SUSPEND	null	AUTOMATIC	null	null	IGNORE	null	null	#
#	Coupa-Req-IncorrectAmount	Coupa-Req-IncorrectAmount	EXECUTE_BPN	coupaReqHelp	Vendor Requisition Status	null	null	ACTIVE	null	{"lowConfidenceCqaStatus":"ENABLED","twoIntentCqaStatus":"ENABLED","keyPhrases":["amount","wrong amount","req","my req request","entered"],"keyPhraseCreatorType":"MANUAL"}	AUTOMATIC	SUSPEND	null	AUTOMATIC	null	null	IGNORE	null	null	#
#	Coupa-Req-IncorrectVendor	Coupa-Req-IncorrectVendor	EXECUTE_BPN	coupaReqHelp	Vendor Requisition Status	null	null	ACTIVE	null	{"lowConfidenceCqaStatus":"ENABLED","twoIntentCqaStatus":"ENABLED","keyPhrases":["chose","vendor","supplier","selected","requisition"],"keyPhraseCreatorType":"MANUAL"}	AUTOMATIC	SUSPEND	null	AUTOMATIC	null	null	IGNORE	null	null	#
#	Coupa-Req-Other	Coupa-Req-Other	EXECUTE_BPN	coupaReqHelp	Vendor Requisition Status	null	null	DISABLED	null	{"lowConfidenceCqaStatus":"ENABLED","twoIntentCqaStatus":"ENABLED","keyPhrases":[],"keyPhraseCreatorType":"MANUAL"}	AUTOMATIC	SUSPEND	null	AUTOMATIC	null	null	IGNORE	null	null	#
#	Coupa-Req-Status	coupa-req-status	EXECUTE_BPN	coupaRequisitionMain	Vendor Requisition Status	null	null	ACTIVE	null	{"lowConfidenceCqaStatus":"ENABLED","twoIntentCqaStatus":"ENABLED","keyPhrases":["status","requisition","my coupa request","req","approval"],"keyPhraseCreatorType":"MANUAL","actionPhrase":""}	AUTOMATIC	SUSPEND	null	AUTOMATIC	null	null	IGNORE	null	null	#
#	Coupa-Req-incorrect currency	Coupa-Req-incorrect_currency	EXECUTE_BPN	coupaReqHelp	Vendor Requisition Status	null	null	ACTIVE	null	{"lowConfidenceCqaStatus":"ENABLED","twoIntentCqaStatus":"ENABLED","keyPhrases":[],"keyPhraseCreatorType":"MANUAL"}	AUTOMATIC	SUSPEND	null	AUTOMATIC	null	null	IGNORE	null	null	#
#	Coupa-ReqDraft	Coupa-ReqDraft	EXECUTE_BPN	coupaReqHelp	Vendor Requisition Status	null	null	ACTIVE	null	{"lowConfidenceCqaStatus":"ENABLED","twoIntentCqaStatus":"ENABLED","keyPhrases":["draft","req","draft mode","mode","buying"],"keyPhraseCreatorType":"MANUAL"}	AUTOMATIC	SUSPEND	null	AUTOMATIC	null	null	CONTINUE	null	null	#
#	Coupa-ReqExpedite	Coupa-ReqExpedite	EXECUTE_BPN	coupaReqHelp	Vendor Requisition Status	null	null	ACTIVE	null	{"lowConfidenceCqaStatus":"ENABLED","twoIntentCqaStatus":"ENABLED","keyPhrases":["req","expedite","escalate","is not moving","to expedite"],"keyPhraseCreatorType":"MANUAL"}	AUTOMATIC	SUSPEND	null	AUTOMATIC	null	null	IGNORE	null	null	#
#	Coupa-SplitBilling	Coupa-SplitBilling	EXECUTE_BPN	coupaReqHelp	Vendor Requisition Status	null	null	ACTIVE	null	{"lowConfidenceCqaStatus":"ENABLED","twoIntentCqaStatus":"ENABLED","keyPhrases":["billing","centers","cost","req","split"],"keyPhraseCreatorType":"MANUAL"}	AUTOMATIC	SUSPEND	null	AUTOMATIC	null	null	IGNORE	null	null	#
#	Coupa-SubmitReq	Coupa-SubmitReq	EXECUTE_BPN	coupaReqHelp	Vendor Requisition Status	null	null	ACTIVE	null	{"lowConfidenceCqaStatus":"ENABLED","twoIntentCqaStatus":"ENABLED","keyPhrases":["coupa","a request","submit","request","to submit"],"keyPhraseCreatorType":"MANUAL"}	AUTOMATIC	SUSPEND	null	AUTOMATIC	null	null	IGNORE	null	null	#
#	Create-Delete-DistributionList	create-delete-distributionlist	EXECUTE_BPN	AO_Create_Delete_DL	Distribution Management Help	null	null	ACTIVE	null	{"lowConfidenceCqaStatus":"ENABLED","twoIntentCqaStatus":"ENABLED","keyPhrases":["distribution","list","outlook","a distribution list","dl"],"keyPhraseCreatorType":"MANUAL"}	NEVER	SUSPEND	null	AUTOMATIC	null	null	CONTINUE	null	null	#
#	DUO	DUO	EXECUTE_BPN	duo_master	Duo FAQ	What else can I assist you with today?	null	ACTIVE	null	{"lowConfidenceCqaStatus":"ENABLED","twoIntentCqaStatus":"ENABLED","keyPhrases":["duo","authentication","push","duo authentication","factor"],"keyPhraseCreatorType":"MANUAL"}	NEVER	COMPLETE	null	AUTOMATIC	greeting	null	CONTINUE	null	null	#
#	DigitalWorkspace	DigitalWorkspace	EXECUTE_BPN	DW_Main	Digital Workspace Reports	null	null	ACTIVE	null	{"lowConfidenceCqaStatus":"ENABLED","twoIntentCqaStatus":"ENABLED","keyPhrases":[],"keyPhraseCreatorType":"MANUAL"}	AUTOMATIC	SUSPEND	null	AUTOMATIC	null	null	IGNORE	null	null	#
#	DistrMgmt-CategSuitability	distrmgmt-categsuitability	EXECUTE_BPN	EMEA_ClientCategorization	Distribution Management Help	null	null	ACTIVE	null	{"lowConfidenceCqaStatus":"ENABLED","twoIntentCqaStatus":"ENABLED","keyPhrases":["suitability","assessment","categorisation","suitability assessment","client"],"keyPhraseCreatorType":"MANUAL"}	AUTOMATIC	SUSPEND	null	AUTOMATIC	null	null	CONTINUE	null	null	#
#	DistrMgmt-ComplaintTemplate	distrmgmt-complainttemplate	EXECUTE_BPN	EMEA_ClientComplaint	Distribution Management Help	null	null	ACTIVE	null	{"lowConfidenceCqaStatus":"ENABLED","twoIntentCqaStatus":"ENABLED","keyPhrases":["complaint","templates","client","template","response"],"keyPhraseCreatorType":"MANUAL"}	AUTOMATIC	SUSPEND	null	AUTOMATIC	null	null	CONTINUE	null	null	#
#	DistrMgmt-ExAnte	distrmgmt-exante	EXECUTE_BPN	EMEA_ExAnteCostSheet	Distribution Management Help	null	null	ACTIVE	null	{"lowConfidenceCqaStatus":"ENABLED","twoIntentCqaStatus":"ENABLED","keyPhrases":["sheet","ante","cost","ex","disclosure"],"keyPhraseCreatorType":"MANUAL"}	AUTOMATIC	SUSPEND	null	AUTOMATIC	null	null	CONTINUE	null	null	#
#	DistrMgmt-FundReg	distrmgmt-fundreg	EXECUTE_BPN	EMEA_FundsRegistered	Distribution Management Help	null	null	ACTIVE	null	{"lowConfidenceCqaStatus":"ENABLED","twoIntentCqaStatus":"ENABLED","keyPhrases":["marketing","fund","registration","registered","ucit"],"keyPhraseCreatorType":"MANUAL"}	AUTOMATIC	SUSPEND	null	AUTOMATIC	null	null	CONTINUE	null	null	#
#	DistrMgmt-Generic	distrmgmt-generic	EXECUTE_BPN	EMEA_DistributionGeneric	Distribution Management Help	null	null	ACTIVE	null	{"lowConfidenceCqaStatus":"ENABLED","twoIntentCqaStatus":"ENABLED","keyPhrases":["marketing","distribution","compliance","distribution management","regulations"],"keyPhraseCreatorType":"MANUAL"}	AUTOMATIC	SUSPEND	null	AUTOMATIC	null	null	CONTINUE	null	null	#
#	DistrMgmt-RedOakGeneric	distrmgmt-redoakgeneric	EXECUTE_BPN	EMEA_RedOakGeneric	Distribution Management Help	null	null	ACTIVE	null	{"lowConfidenceCqaStatus":"ENABLED","twoIntentCqaStatus":"ENABLED","keyPhrases":["red","oak","redoak","red oak","solicitation"],"keyPhraseCreatorType":"MANUAL"}	AUTOMATIC	SUSPEND	null	AUTOMATIC	null	null	CONTINUE	null	null	#
#	Download-Install-Software	download-install-software	EXECUTE_BPN	AO_Download_Install_Software	Application/Software Issues	null	null	ACTIVE	null	{"lowConfidenceCqaStatus":"ENABLED","twoIntentCqaStatus":"ENABLED","keyPhrases":["software","application","missing","install","installed"],"keyPhraseCreatorType":"MANUAL"}	NEVER	SUSPEND	null	AUTOMATIC	null	null	CONTINUE	null	null	#
#	Dox	Dox	EXECUTE_BPN	dox_generic	DOX FAQ	null	null	ACTIVE	null	{"lowConfidenceCqaStatus":"ENABLED","twoIntentCqaStatus":"ENABLED","keyPhrases":["dox","permissions","site","a dox site","my dox site"],"keyPhraseCreatorType":"MANUAL"}	AUTOMATIC	SUSPEND	null	AUTOMATIC	null	null	IGNORE	null	null	#
#	GetCMPoller	getcmpoller	EXECUTE_BPN	null	opsBotEngine GetCMPoller intent	null	null	ACTIVE	null	{"lowConfidenceCqaStatus":"ENABLED","twoIntentCqaStatus":"ENABLED","keyPhrases":[],"keyPhraseCreatorType":"MANUAL"}	AUTOMATIC	SUSPEND	null	AUTOMATIC	null	null	IGNORE	null	null	#
#	GetVDIControllerStatus	getvdicontrollerstatus	EXECUTE_BPN	opsBotEngine	VDI Issues	null	null	ACTIVE	null	{"lowConfidenceCqaStatus":"ENABLED","twoIntentCqaStatus":"ENABLED","keyPhrases":["controller","vdi controller","status","vdi"],"keyPhraseCreatorType":"MANUAL"}	AUTOMATIC	SUSPEND	null	AUTOMATIC	null	null	IGNORE	null	null	#
#	HardwareIssue	hardwareissue	EXECUTE_BPN	WFH-PurchaseEquip	HardwareIssue	null	null	DISABLED	null	{"lowConfidenceCqaStatus":"ENABLED","twoIntentCqaStatus":"ENABLED","keyPhrases":["mouse","monitor","desktop","camera","keyboard"],"keyPhraseCreatorType":"MANUAL"}	NEVER	SUSPEND	null	AUTOMATIC	null	null	CONTINUE	null	null	#
#	HealthNSafety	healthnsafety	EXECUTE_BPN	HealthNSafetyMaster	Report Safety &amp; Security Incident	null	null	ACTIVE	null	{"lowConfidenceCqaStatus":"ENABLED","twoIntentCqaStatus":"ENABLED","keyPhrases":["report","lost","fire","stolen","to report"],"keyPhraseCreatorType":"MANUAL"}	NEVER	SUSPEND	null	AUTOMATIC	greeting	null	CONTINUE	null	null	#
#	HelpResponse	helpresponse	EXECUTE_BPN	opsBotEngine	opsBotEngine HelpResponse intent	null	null	ACTIVE	null	{"lowConfidenceCqaStatus":"ENABLED","twoIntentCqaStatus":"ENABLED","keyPhrases":["help"],"keyPhraseCreatorType":"AUTOMATIC"}	AUTOMATIC	SUSPEND	null	AUTOMATIC	null	null	IGNORE	null	null	#
#	HudsonYardsCafeteria	hudsonyardscafeteria	EXECUTE_BPN	HYCafeteria	Food services app	null	null	DISABLED	null	{"lowConfidenceCqaStatus":"ENABLED","twoIntentCqaStatus":"ENABLED","keyPhrases":[],"keyPhraseCreatorType":"MANUAL"}	AUTOMATIC	COMPLETE	null	AUTOMATIC	null	null	IGNORE	null	null	#
#	HudsonYardsDirections	hudsonyardsdirections	EXECUTE_BPN	HYdirections	give directions to 50 Hudson Yards office	null	null	DISABLED	null	{"lowConfidenceCqaStatus":"ENABLED","twoIntentCqaStatus":"ENABLED","keyPhrases":["Hudson Yards","50 HY"],"keyPhraseCreatorType":"MANUAL","actionPhrase":"get directions to 50 Hudson Yards"}	AUTOMATIC	COMPLETE	null	AUTOMATIC	null	null	IGNORE	null	null	#
#	HudsonYardsGeneral	hudsonyardsgeneral	EXECUTE_BPN	HY_Main	Hudson Yards Information	null	null	ACTIVE	null	{"lowConfidenceCqaStatus":"ENABLED","twoIntentCqaStatus":"ENABLED","keyPhrases":[],"keyPhraseCreatorType":"MANUAL"}	AUTOMATIC	SUSPEND	null	AUTOMATIC	null	null	IGNORE	null	null	#
#	Jira-General	Jira-General	EXECUTE_BPN	statusMaster	HelpDesk Ticket Status	null	null	ACTIVE	null	{"lowConfidenceCqaStatus":"ENABLED","twoIntentCqaStatus":"ENABLED","keyPhrases":["jira","ticket","my jira ticket","telecom","12389"],"keyPhraseCreatorType":"MANUAL"}	AUTOMATIC	COMPLETE	null	AUTOMATIC	null	null	IGNORE	null	null	#
#	LC-AccountDisclosure	lc-accountdisclosure	EXECUTE_BPN	LC-AccountDisclosure	Personal Trading Help	null	null	DISABLED	null	{"lowConfidenceCqaStatus":"ENABLED","twoIntentCqaStatus":"ENABLED","keyPhrases":["disclose","accounts","disclosing","report","to disclose"],"keyPhraseCreatorType":"MANUAL"}	AUTOMATIC	SUSPEND	null	AUTOMATIC	null	null	IGNORE	null	null	#
#	LC-ApprovedBroker	lc-approvedbroker	EXECUTE_BPN	LC-ApprovedBroker	Personal Trading Help	null	null	DISABLED	null	{"lowConfidenceCqaStatus":"ENABLED","twoIntentCqaStatus":"ENABLED","keyPhrases":["broker","firms","trading","approved","list"],"keyPhraseCreatorType":"MANUAL"}	AUTOMATIC	SUSPEND	null	AUTOMATIC	null	null	IGNORE	null	null	#
#	LC-Generic	lc-generic	EXECUTE_BPN	LC-Generic	Personal Trading Help	null	null	DISABLED	null	{"lowConfidenceCqaStatus":"ENABLED","twoIntentCqaStatus":"ENABLED","keyPhrases":["pta","trading","personal","workday","declare"],"keyPhraseCreatorType":"MANUAL"}	AUTOMATIC	SUSPEND	null	AUTOMATIC	null	null	IGNORE	null	null	#
#	LC-PreClearance	lc-preclearance	EXECUTE_BPN	LC-PreClearance	Personal Trading Help	null	null	DISABLED	null	{"lowConfidenceCqaStatus":"ENABLED","twoIntentCqaStatus":"ENABLED","keyPhrases":["preclear","to preclear","pre-clear","pta","trade"],"keyPhraseCreatorType":"MANUAL"}	AUTOMATIC	SUSPEND	null	AUTOMATIC	null	null	IGNORE	null	null	#
#	LC-TradeDenied	lc-tradedenied	EXECUTE_BPN	LC-TradeDenied	Personal Trading Help	null	null	DISABLED	null	{"lowConfidenceCqaStatus":"ENABLED","twoIntentCqaStatus":"ENABLED","keyPhrases":["denied","trade","traded","preclearance","was denied"],"keyPhraseCreatorType":"MANUAL"}	AUTOMATIC	SUSPEND	null	AUTOMATIC	null	null	IGNORE	null	null	#
#	LegalNCompliance	legalncompliance	EXECUTE_BPN	LC-Generic	LegalNCompliance	null	null	ACTIVE	null	{"lowConfidenceCqaStatus":"ENABLED","twoIntentCqaStatus":"ENABLED","keyPhrases":[],"keyPhraseCreatorType":"MANUAL"}	AUTOMATIC	SUSPEND	null	AUTOMATIC	null	null	IGNORE	null	null	#
#	MSteams	msteams	EXECUTE_BPN	MSTeamsMaster	MS Teams FAQ	null	null	ACTIVE	null	{"lowConfidenceCqaStatus":"ENABLED","twoIntentCqaStatus":"ENABLED","keyPhrases":["teams","channels","chat","ms teams","training"],"keyPhraseCreatorType":"MANUAL"}	AUTOMATIC	SUSPEND	null	AUTOMATIC	null	null	IGNORE	null	null	#
#	Mobile-Mail	mobile-mail	EXECUTE_BPN	mp_iOsEnforcement	null	null	null	DISABLED	null	{"lowConfidenceCqaStatus":"ENABLED","twoIntentCqaStatus":"ENABLED","keyPhrases":["emails","email","iphone","phone","syncing"],"keyPhraseCreatorType":"MANUAL"}	AUTOMATIC	SUSPEND	null	AUTOMATIC	null	null	IGNORE	null	null	#
#	Mobile-Procurement	mobile-procurement	EXECUTE_BPN	mp_Master	Mobile Device FAQ	null	null	ACTIVE	null	{"lowConfidenceCqaStatus":"ENABLED","twoIntentCqaStatus":"ENABLED","keyPhrases":["iphone","phone","mobile","upgrade","device"],"keyPhraseCreatorType":"MANUAL","actionPhrase":"get a Blackrock phone"}	AUTOMATIC	SUSPEND	null	AUTOMATIC	null	null	CONTINUE	null	null	#
#	MobileProcurement-InternationalPlan	mobileprocurement-internationalplan	EXECUTE_BPN	mp_Master	null	null	null	DISABLED	null	{"lowConfidenceCqaStatus":"ENABLED","twoIntentCqaStatus":"ENABLED","keyPhrases":["international","plan","roaming","phone","international plan"],"keyPhraseCreatorType":"MANUAL"}	NEVER	SUSPEND	null	AUTOMATIC	null	null	IGNORE	null	null	#
#	MobileProcurement-MiFi	mobileprocurement-mifi	EXECUTE_BPN	mp_Master	null	null	null	DISABLED	null	{"lowConfidenceCqaStatus":"ENABLED","twoIntentCqaStatus":"ENABLED","keyPhrases":["mifi","hotspot","wireless hotspot","wireless","miffi"],"keyPhraseCreatorType":"MANUAL"}	NEVER	SUSPEND	null	AUTOMATIC	null	null	IGNORE	null	null	#
#	MobileProcurement-NewiPhoneDate	mobileprocurement-newiphonedate	EXECUTE_BPN	mp_Master	null	null	null	DISABLED	null	{"lowConfidenceCqaStatus":"ENABLED","twoIntentCqaStatus":"ENABLED","keyPhrases":["iphone","date","a new iphone","my corp phone","new iphone release"],"keyPhraseCreatorType":"MANUAL"}	NEVER	SUSPEND	null	AUTOMATIC	null	null	IGNORE	null	null	#
#	MobileProcurement-PhoneSetup	MobileProcurement-PhoneSetup	EXECUTE_BPN	mp_phoneSetup	null	null	null	DISABLED	null	{"lowConfidenceCqaStatus":"ENABLED","twoIntentCqaStatus":"ENABLED","keyPhrases":["ipad","activate","mobile","iphone","my ipad"],"keyPhraseCreatorType":"MANUAL"}	AUTOMATIC	SUSPEND	null	AUTOMATIC	null	null	IGNORE	null	null	#
#	MobileProcurement-UnlockPhone	MobileProcurement-UnlockPhone	EXECUTE_BPN	chatiPhoneUnlock	null	null	null	ACTIVE	null	{"lowConfidenceCqaStatus":"ENABLED","twoIntentCqaStatus":"ENABLED","keyPhrases":["iphone","unlock","forgot","my iphone","blocked"],"keyPhraseCreatorType":"MANUAL"}	AUTOMATIC	SUSPEND	null	AUTOMATIC	null	null	IGNORE	null	null	#
#	MobileProcurement-UpgradeEligibility	mobileprocurement-upgradeeligibility	EXECUTE_BPN	mp_Master	null	null	null	DISABLED	null	{"lowConfidenceCqaStatus":"ENABLED","twoIntentCqaStatus":"ENABLED","keyPhrases":["upgrade","mobile","phone","eligible","renewal"],"keyPhraseCreatorType":"MANUAL"}	NEVER	SUSPEND	null	AUTOMATIC	null	null	IGNORE	null	null	#
#	NACBlockQuery	nacblockquery	EXECUTE_BPN	opsBotEngine	opsBotEngine NACBlockQuery intent	null	null	ACTIVE	null	{"lowConfidenceCqaStatus":"ENABLED","twoIntentCqaStatus":"ENABLED","keyPhrases":["blocked","nac","this device","device","ip"],"keyPhraseCreatorType":"AUTOMATIC"}	AUTOMATIC	SUSPEND	null	AUTOMATIC	null	null	IGNORE	null	null	#
#	OneDrive	onedrive	EXECUTE_BPN	oneDriveMaster	OneDrive FAQ	null	null	ACTIVE	null	{"lowConfidenceCqaStatus":"ENABLED","twoIntentCqaStatus":"ENABLED","keyPhrases":["onedrive","drive","files","one drive","one drive files"],"keyPhraseCreatorType":"MANUAL"}	AUTOMATIC	SUSPEND	null	AUTOMATIC	null	null	IGNORE	null	null	#
#	OutlookIssue	outlookissue	EXECUTE_BPN	Outlook_IssuesMain	Outlook FAQ	null	null	ACTIVE	null	{"lowConfidenceCqaStatus":"ENABLED","twoIntentCqaStatus":"ENABLED","keyPhrases":["outlook","email","emails","efront","messages"],"keyPhraseCreatorType":"MANUAL","actionPhrase":""}	NEVER	SUSPEND	null	AUTOMATIC	null	null	CONTINUE	null	null	#
#	PastHrInternetUtil	pasthrinternetutil	EXECUTE_BPN	opsBotEngine	opsBotEngine PastHrInternetUtil intent	null	null	ACTIVE	null	{"lowConfidenceCqaStatus":"ENABLED","twoIntentCqaStatus":"ENABLED","keyPhrases":["hour","past","internet","past hour internet util","util"],"keyPhraseCreatorType":"AUTOMATIC"}	AUTOMATIC	SUSPEND	null	AUTOMATIC	null	null	IGNORE	null	null	#
#	PrimaryData	PrimaryData	EXECUTE_BPN	null	Primary Data Request	null	null	ACTIVE	null	{"lowConfidenceCqaStatus":"ENABLED","twoIntentCqaStatus":"ENABLED","keyPhrases":[],"keyPhraseCreatorType":"MANUAL"}	AUTOMATIC	SUSPEND	null	AUTOMATIC	null	null	IGNORE	null	null	#
#	PrinterIssue	printerissue	EXECUTE_BPN	AO_PrinterIssue	Application/Software Issues	null	null	ACTIVE	null	{"lowConfidenceCqaStatus":"ENABLED","twoIntentCqaStatus":"ENABLED","keyPhrases":["printer","printers","print","a printer","the printer"],"keyPhraseCreatorType":"MANUAL"}	NEVER	SUSPEND	null	AUTOMATIC	null	null	CONTINUE	null	null	#
#	QueryHostInformation	queryhostinformation	EXECUTE_BPN	opsBotEngine	Inventory information about servers to be queried from the opsBotEngine	null	null	ACTIVE	null	{"lowConfidenceCqaStatus":"ENABLED","twoIntentCqaStatus":"ENABLED","keyPhrases":["inventory","server","host","inventory data","inventory information"],"keyPhraseCreatorType":"AUTOMATIC"}	AUTOMATIC	SUSPEND	null	AUTOMATIC	null	null	IGNORE	null	null	#
#	QueryIPAvailabilityInformation	queryipavailabilityinformation	EXECUTE_BPN	opsBotEngine	opsBotEngine QueryIPAvailabilityInformation intent	null	null	ACTIVE	null	{"lowConfidenceCqaStatus":"ENABLED","twoIntentCqaStatus":"ENABLED","keyPhrases":["ip","ip usage","usage","report","ip availability report"],"keyPhraseCreatorType":"AUTOMATIC"}	AUTOMATIC	SUSPEND	null	AUTOMATIC	null	null	IGNORE	null	null	#
#	QueryServerNetworkPortInformation	QueryServerNetworkPortInformation	EXECUTE_BPN	null	null	null	null	ACTIVE	null	null	AUTOMATIC	SUSPEND	null	AUTOMATIC	null	null	IGNORE	null	null	#
#	RecordConversation	RecordConversation	EXECUTE_BPN	BeginRecordConversation	Records conversation then gives user the option to email the conversation as an Eddie test file.	null	null	DISABLED	null	{"lowConfidenceCqaStatus":"ENABLED","twoIntentCqaStatus":"ENABLED","keyPhrases":["test","eddie","create","generate","record conversation"],"keyPhraseCreatorType":"MANUAL"}	AUTOMATIC	SUSPEND	null	AUTOMATIC	null	null	IGNORE	null	null	#
#	Remote-ScreenScaling	Remote-ScreenScaling	EXECUTE_BPN	remoteLogin_screenScaling	Remote Login Issues	null	null	DISABLED	null	{"lowConfidenceCqaStatus":"ENABLED","twoIntentCqaStatus":"ENABLED","keyPhrases":["display","remote","vdi","resolution","adjust"],"keyPhraseCreatorType":"MANUAL"}	AUTOMATIC	SUSPEND	null	AUTOMATIC	null	null	IGNORE	null	null	#
#	Remote-SpanSession	Remote-SpanSession	EXECUTE_BPN	remoteLogin_spanSession	Remote Login Issues	null	null	DISABLED	null	{"lowConfidenceCqaStatus":"ENABLED","twoIntentCqaStatus":"ENABLED","keyPhrases":["vdi","monitors","screens","session","split"],"keyPhraseCreatorType":"MANUAL"}	AUTOMATIC	SUSPEND	null	AUTOMATIC	null	null	IGNORE	null	null	#
#	Remote-WorkspaceSetup	Remote-WorkspaceSetup	EXECUTE_BPN	remoteLogin_workspaceSetup	Remote Login Issues	null	null	ACTIVE	null	{"lowConfidenceCqaStatus":"ENABLED","twoIntentCqaStatus":"ENABLED","keyPhrases":["monitor","laptop","keyboard","home","setup"],"keyPhraseCreatorType":"MANUAL"}	AUTOMATIC	SUSPEND	null	AUTOMATIC	null	null	IGNORE	null	null	#
#	RemoteLogin	RemoteLogin	EXECUTE_BPN	duo_remoteLogin	Remote Login Issues	null	null	ACTIVE	null	{"lowConfidenceCqaStatus":"ENABLED","twoIntentCqaStatus":"ENABLED","keyPhrases":["remote","citrix","home","vpn","connect"],"keyPhraseCreatorType":"MANUAL"}	AUTOMATIC	SUSPEND	null	AUTOMATIC	null	null	IGNORE	null	null	#
#	SharedFolderAccess	SharedFolderAccess	EXECUTE_BPN	SharedFolder	null	null	null	ACTIVE	null	{"lowConfidenceCqaStatus":"ENABLED","twoIntentCqaStatus":"ENABLED","keyPhrases":[],"keyPhraseCreatorType":"MANUAL"}	NEVER	COMPLETE	null	AUTOMATIC	null	null	IGNORE	null	null	#
#	Snow-General	Snow-General	EXECUTE_BPN	statusMaster	HelpDesk Ticket Status	null	null	ACTIVE	ticketStatus	{"lowConfidenceCqaStatus":"ENABLED","twoIntentCqaStatus":"ENABLED","keyPhrases":["service","ticket","snow","sn","tickets"],"keyPhraseCreatorType":"MANUAL"}	AUTOMATIC	COMPLETE	null	AUTOMATIC	null	null	IGNORE	null	null	#
#	Status-General	Status-General	EXECUTE_BPN	statusMaster	HelpDesk Ticket Status	Do you want to continue checking the status?	null	ACTIVE	null	{"lowConfidenceCqaStatus":"ENABLED","twoIntentCqaStatus":"ENABLED","keyPhrases":["status","ticket","update","inc","the status"],"keyPhraseCreatorType":"MANUAL"}	AUTOMATIC	COMPLETE	null	AUTOMATIC	null	null	IGNORE	null	null	#
#	SurfaceGoHelp	SurfaceGoHelp	EXECUTE_BPN	AO_SurfaceGoHelp	nulGol	null	null	ACTIVE	null	{"lowConfidenceCqaStatus":"ENABLED","twoIntentCqaStatus":"ENABLED","keyPhrases":[],"keyPhraseCreatorType":"MANUAL"}	AUTOMATIC	SUSPEND	null	AUTOMATIC	null	null	IGNORE	null	null	#
#	TE-AirfrareUpgrade	TE-AirfrareUpgrade	EXECUTE_BPN	TE_airfareUpgrade	Finance &amp; Travel Help	null	null	ACTIVE	null	{"lowConfidenceCqaStatus":"ENABLED","twoIntentCqaStatus":"ENABLED","keyPhrases":["upgrade","flight","airfare","upgrading","airline ticket"],"keyPhraseCreatorType":"MANUAL"}	NEVER	COMPLETE	null	NEVER	null	null	IGNORE	null	null	#
#	TE-CompEquip	TE-CompEquip	EXECUTE_BPN	TE_computer	Finance &amp; Travel Help	null	null	ACTIVE	null	{"lowConfidenceCqaStatus":"ENABLED","twoIntentCqaStatus":"ENABLED","keyPhrases":["equip","computer","fees","claiming","equipment"],"keyPhraseCreatorType":"MANUAL"}	NEVER	COMPLETE	null	NEVER	null	null	IGNORE	null	null	#
#	TE-ConcurLogin	TE-ConcurLogin	EXECUTE_BPN	TE_concurLogin	Finance &amp; Travel Help	null	null	ACTIVE	null	{"lowConfidenceCqaStatus":"ENABLED","twoIntentCqaStatus":"ENABLED","keyPhrases":["concur","log","the concur app","to concur","login"],"keyPhraseCreatorType":"MANUAL"}	NEVER	COMPLETE	null	NEVER	null	null	IGNORE	null	null	#
#	TE-CorporateCreditCard	TE-CorporateCreditCard	EXECUTE_BPN	TE_corporateCreditCard	Finance &amp; Travel Help	null	null	ACTIVE	null	{"lowConfidenceCqaStatus":"ENABLED","twoIntentCqaStatus":"ENABLED","keyPhrases":["card","corporate","apply","to apply","corporate card"],"keyPhraseCreatorType":"MANUAL"}	NEVER	COMPLETE	null	NEVER	null	null	IGNORE	null	null	#
#	TE-EarlyCheckIn	TE-EarlyCheckIn	EXECUTE_BPN	TE_earlyCheckIn	Finance &amp; Travel Help	null	null	ACTIVE	null	{"lowConfidenceCqaStatus":"ENABLED","twoIntentCqaStatus":"ENABLED","keyPhrases":["hotel","early check","check","fee","charged"],"keyPhraseCreatorType":"MANUAL"}	NEVER	COMPLETE	null	NEVER	null	null	IGNORE	null	null	#
#	TE-ExpenseDelegate	TE-ExpenseDelegate	EXECUTE_BPN	TE_expenseDelegate	Finance &amp; Travel Help	null	null	ACTIVE	null	{"lowConfidenceCqaStatus":"ENABLED","twoIntentCqaStatus":"ENABLED","keyPhrases":["delegate","expenses","my expenses","submit","expense"],"keyPhraseCreatorType":"MANUAL"}	NEVER	COMPLETE	null	NEVER	null	null	IGNORE	null	null	#
#	TE-Generic	TE-Generic	EXECUTE_BPN	TE_generic	Finance &amp; Travel Help	null	null	ACTIVE	null	{"lowConfidenceCqaStatus":"ENABLED","twoIntentCqaStatus":"ENABLED","keyPhrases":["travel","policy","concur","travel policy","the travel rules"],"keyPhraseCreatorType":"MANUAL"}	NEVER	COMPLETE	null	NEVER	null	null	IGNORE	null	null	#
#	TE-GiftPolicy	TE-GiftPolicy	EXECUTE_BPN	TE_gifts	Finance &amp; Travel Help	null	null	ACTIVE	null	{"lowConfidenceCqaStatus":"ENABLED","twoIntentCqaStatus":"ENABLED","keyPhrases":["gifts","gift","client","conduct","employee"],"keyPhraseCreatorType":"MANUAL"}	NEVER	COMPLETE	null	NEVER	null	null	IGNORE	null	null	#
#	TE-HotelBooking	TE-HotelBooking	EXECUTE_BPN	TE_hotelBooking	Finance &amp; Travel Help	null	null	ACTIVE	null	{"lowConfidenceCqaStatus":"ENABLED","twoIntentCqaStatus":"ENABLED","keyPhrases":["hotel","airbnb","book","booking","book hotel"],"keyPhraseCreatorType":"MANUAL"}	NEVER	COMPLETE	null	NEVER	null	null	IGNORE	null	null	#
#	TE-LateFeePayment	TE-LateFeePayment	EXECUTE_BPN	TE_latePayment	Finance &amp; Travel Help	null	null	ACTIVE	null	{"lowConfidenceCqaStatus":"ENABLED","twoIntentCqaStatus":"ENABLED","keyPhrases":["lpf","fee","payment","late","incurred"],"keyPhraseCreatorType":"MANUAL"}	NEVER	COMPLETE	null	NEVER	null	null	IGNORE	null	null	#
#	TE-LaundryExpense	TE-LaundryExpense	EXECUTE_BPN	TE_laundryExpense	Finance &amp; Travel Help	null	null	ACTIVE	null	{"lowConfidenceCqaStatus":"ENABLED","twoIntentCqaStatus":"ENABLED","keyPhrases":["laundry","laundry expenses","hotel laundry","hotel","claim"],"keyPhraseCreatorType":"MANUAL"}	NEVER	COMPLETE	null	NEVER	null	null	IGNORE	null	null	#
#	TE-LostBaggage	TE-LostBaggage	EXECUTE_BPN	TE_lostBaggage	Finance &amp; Travel Help	null	null	ACTIVE	null	{"lowConfidenceCqaStatus":"ENABLED","twoIntentCqaStatus":"ENABLED","keyPhrases":["lost baggage","baggage","lost","stolen","claim"],"keyPhraseCreatorType":"MANUAL"}	NEVER	COMPLETE	null	NEVER	null	null	IGNORE	null	null	#
#	TE-NonOvernightTripMeal	TE-NonOvernightTripMeal	EXECUTE_BPN	TE_nonOvernightTripMeal	Finance &amp; Travel Help	null	null	ACTIVE	null	{"lowConfidenceCqaStatus":"ENABLED","twoIntentCqaStatus":"ENABLED","keyPhrases":["meal","trip","overnight","day","expense"],"keyPhraseCreatorType":"MANUAL"}	NEVER	COMPLETE	null	NEVER	null	null	IGNORE	null	null	#
#	TE-NonReimbursable	TE-NonReimbursable	EXECUTE_BPN	TE_reimbursement	Finance &amp; Travel Help	null	null	ACTIVE	null	{"lowConfidenceCqaStatus":"ENABLED","twoIntentCqaStatus":"ENABLED","keyPhrases":["hotel","donation","movie","fee","reimbursable"],"keyPhraseCreatorType":"MANUAL"}	NEVER	COMPLETE	null	NEVER	null	null	IGNORE	null	null	#
#	TE-OvertimeMeal	TE-OvertimeMeal	EXECUTE_BPN	TE_overtimeMeal	Finance &amp; Travel Help	null	null	ACTIVE	null	{"lowConfidenceCqaStatus":"ENABLED","twoIntentCqaStatus":"ENABLED","keyPhrases":["overtime","meals","late","dinner","meal"],"keyPhraseCreatorType":"MANUAL"}	NEVER	COMPLETE	null	NEVER	null	null	IGNORE	null	null	#
#	TE-PerDiemPolicy	TE-PerDiemPolicy	EXECUTE_BPN	TE_perDiemPolicy	Finance &amp; Travel Help	null	null	ACTIVE	null	{"lowConfidenceCqaStatus":"ENABLED","twoIntentCqaStatus":"ENABLED","keyPhrases":["diem","diem rates","apply","daily","rates"],"keyPhraseCreatorType":"MANUAL"}	NEVER	COMPLETE	null	NEVER	null	null	IGNORE	null	null	#
#	TE-PersonalExpenses	TE-PersonalExpenses	EXECUTE_BPN	TE_personalExpense	Finance &amp; Travel Help	null	null	ACTIVE	null	{"lowConfidenceCqaStatus":"ENABLED","twoIntentCqaStatus":"ENABLED","keyPhrases":["personal","payment","card","personal expense","amex"],"keyPhraseCreatorType":"MANUAL"}	NEVER	COMPLETE	null	NEVER	null	null	IGNORE	null	null	#
#	TE-ReceiptRequirement	TE-ReceiptRequirement	EXECUTE_BPN	TE_receiptRequirement	Finance &amp; Travel Help	null	null	ACTIVE	null	{"lowConfidenceCqaStatus":"ENABLED","twoIntentCqaStatus":"ENABLED","keyPhrases":["receipt","a receipt","expense","concur","claim"],"keyPhraseCreatorType":"MANUAL"}	NEVER	COMPLETE	null	NEVER	null	null	IGNORE	null	null	#
#	TE-TaxiCarService	TE-TaxiCarService	EXECUTE_BPN	TE_carService	Finance &amp; Travel Help	null	null	ACTIVE	null	{"lowConfidenceCqaStatus":"ENABLED","twoIntentCqaStatus":"ENABLED","keyPhrases":["taxi","uber","service","claim","car"],"keyPhraseCreatorType":"MANUAL"}	NEVER	COMPLETE	null	NEVER	null	null	IGNORE	null	null	#
#	TE-TravelAllowance	TE-TravelAllowance	EXECUTE_BPN	TE_travelAllowance	Finance &amp; Travel Help	null	null	ACTIVE	null	{"lowConfidenceCqaStatus":"ENABLED","twoIntentCqaStatus":"ENABLED","keyPhrases":["allowance","daily","travel","employee daily travel allowance","business"],"keyPhraseCreatorType":"MANUAL"}	NEVER	COMPLETE	null	NEVER	null	null	IGNORE	null	null	#
#	VDI	vdi	EXECUTE_BPN	VDIGeneric	VDI Issues	null	null	ACTIVE	null	{"lowConfidenceCqaStatus":"ENABLED","twoIntentCqaStatus":"ENABLED","keyPhrases":["vdi","reboot","my vdi","remote","monitors"],"keyPhraseCreatorType":"MANUAL"}	NEVER	COMPLETE	null	AUTOMATIC	null	null	IGNORE	null	null	#
#	VDIReport	vdireport	EXECUTE_BPN	null	null	null	null	ACTIVE	null	{"lowConfidenceCqaStatus":"ENABLED","twoIntentCqaStatus":"ENABLED","keyPhrases":[],"keyPhraseCreatorType":"MANUAL"}	AUTOMATIC	SUSPEND	null	AUTOMATIC	null	null	IGNORE	null	null	#
#	WFH-PurchaseEquip	wfh-purchaseequip	EXECUTE_BPN	WFH-PurchaseEquip	Hardware issues	null	null	ACTIVE	null	{"lowConfidenceCqaStatus":"ENABLED","twoIntentCqaStatus":"ENABLED","keyPhrases":["mouse","monitor","hardware","request","desktop"],"keyPhraseCreatorType":"MANUAL"}	AUTOMATIC	SUSPEND	null	AUTOMATIC	null	null	IGNORE	null	null	#
#	WorkflowMaintenance	workflowmaintenance	EXECUTE_BPN	wm_generic	Workflow Maintenance Tool Help	null	null	ACTIVE	null	{"lowConfidenceCqaStatus":"ENABLED","twoIntentCqaStatus":"ENABLED","keyPhrases":["workflow","owner","approvers","a workflow owner","japan"],"keyPhraseCreatorType":"MANUAL"}	AUTOMATIC	SUSPEND	null	AUTOMATIC	null	null	IGNORE	null	null	#
#	Yammer	yammer	EXECUTE_BPN	yammerInfo	Yammer	null	null	ACTIVE	null	{"lowConfidenceCqaStatus":"ENABLED","twoIntentCqaStatus":"ENABLED","keyPhrases":["yammer","efront","intranet","blackrock","yammer web address"],"keyPhraseCreatorType":"AUTOMATIC"}	AUTOMATIC	SUSPEND	null	AUTOMATIC	null	null	IGNORE	null	null	#
#	ZscalerSetup	zscalersetup	EXECUTE_BPN	zscalerSetup	null	null	null	ACTIVE	ZscalerSetup	{"lowConfidenceCqaStatus":"ENABLED","twoIntentCqaStatus":"ENABLED","keyPhrases":[],"keyPhraseCreatorType":"MANUAL"}	AUTOMATIC	SUSPEND	null	AUTOMATIC	null	null	IGNORE	null	null	#
#	alphabeta	alphabeta	EXECUTE_BPN	alphaBetaSuccess	Guest Wi-Fi Registration	null	null	ACTIVE	null	{"lowConfidenceCqaStatus":"ENABLED","twoIntentCqaStatus":"ENABLED","keyPhrases":["wifi","alphabeta","password","internal","the password","alphabeta password"],"keyPhraseCreatorType":"MANUAL"}	AUTOMATIC	SUSPEND	null	AUTOMATIC	null	null	CONTINUE	null	null	#
#	builtins.fallback	builtins.fallback	NONE	null	Store the utterance for negative goal. It usually stores the misclassified annotated data and manual user negative utterances.	null	null	ACTIVE	null	null	AUTOMATIC	SUSPEND	null	AUTOMATIC	null	null	IGNORE	null	null	#
#	callHelp	callhelp	EXECUTE_BPN	helpInstructions	null	null		DISABLED	null	{"lowConfidenceCqaStatus":"ENABLED","twoIntentCqaStatus":"ENABLED","keyPhrases":[],"keyPhraseCreatorType":"MANUAL"}	ALWAYS	SUSPEND	null	AUTOMATIC	null	null	CONTINUE	null	null	#
#	cepPreCheck	deliver.sent	EXECUTE_BPN	CepAccessTest	null	null	null	ACTIVE	null	{"lowConfidenceCqaStatus":"ENABLED","twoIntentCqaStatus":"ENABLED","keyPhrases":[],"keyPhraseCreatorType":"MANUAL"}	AUTOMATIC	SUSPEND	null	AUTOMATIC	null	null	IGNORE	null	null	#
#	contactHR	contactHR	EXECUTE_BPN	hr_generic	Human Resources	null	null	ACTIVE	null	{"lowConfidenceCqaStatus":"ENABLED","twoIntentCqaStatus":"ENABLED","keyPhrases":[],"keyPhraseCreatorType":"MANUAL"}	AUTOMATIC	SUSPEND	null	AUTOMATIC	null	null	IGNORE	null	null	#
#	eFront-LegacyEmail	efront-legacyemail	EXECUTE_BPN	eFront_master	null	null	null	DISABLED	null	{"lowConfidenceCqaStatus":"ENABLED","twoIntentCqaStatus":"ENABLED","keyPhrases":["efront","messages","email","emails","inbox"],"keyPhraseCreatorType":"AUTOMATIC"}	NEVER	SUSPEND	null	AUTOMATIC	null	null	IGNORE	null	null	#
#	eFront-MSteams	efront-msteams	EXECUTE_BPN	eFront_master	MS Teams FAQ	null	null	DISABLED	null	{"lowConfidenceCqaStatus":"ENABLED","twoIntentCqaStatus":"ENABLED","keyPhrases":["teams","files","channels","channel","ms teams"],"keyPhraseCreatorType":"MANUAL"}	NEVER	SUSPEND	null	AUTOMATIC	null	null	IGNORE	null	null	#
#	eFront-MissingApp	efront-missingapp	EXECUTE_BPN	eFront_master	null	null	null	DISABLED	null	{"lowConfidenceCqaStatus":"ENABLED","twoIntentCqaStatus":"ENABLED","keyPhrases":["application","missing","apps","app","disappeared"],"keyPhraseCreatorType":"AUTOMATIC"}	NEVER	SUSPEND	null	AUTOMATIC	null	null	IGNORE	null	null	#
#	eFront-OneDrive	efront-onedrive	EXECUTE_BPN	eFront_master	null	null	null	DISABLED	null	{"lowConfidenceCqaStatus":"ENABLED","twoIntentCqaStatus":"ENABLED","keyPhrases":["one drive files","onedrive","files","drive","documents"],"keyPhraseCreatorType":"MANUAL"}	NEVER	SUSPEND	null	AUTOMATIC	null	null	IGNORE	null	null	#
#	eFront-Symph-MSteams	efront-symph-msteams	EXECUTE_BPN	eFront_master	MS Teams FAQ	null	null	DISABLED	null	{"lowConfidenceCqaStatus":"ENABLED","twoIntentCqaStatus":"ENABLED","keyPhrases":["teams","symphony","chat","files","logging"],"keyPhraseCreatorType":"MANUAL"}	NEVER	SUSPEND	null	AUTOMATIC	null	null	IGNORE	null	null	#
#	eFront-Yammer	efront-yammer	EXECUTE_BPN	efront_master	null	null	null	DISABLED	null	{"lowConfidenceCqaStatus":"ENABLED","twoIntentCqaStatus":"ENABLED","keyPhrases":["yammer","efront","intranet","yammer web address","blackrock yammer page"],"keyPhraseCreatorType":"MANUAL"}	NEVER	SUSPEND	null	AUTOMATIC	null	null	IGNORE	null	null	#
#	eFront-generic	eFront-generic	EXECUTE_BPN	eFront_master	null	null	null	DISABLED	null	{"lowConfidenceCqaStatus":"ENABLED","twoIntentCqaStatus":"ENABLED","keyPhrases":["efront","questions","efront freqently","efront services","efront details"],"keyPhraseCreatorType":"AUTOMATIC"}	NEVER	SUSPEND	null	AUTOMATIC	null	null	IGNORE	null	null	#
#	everything_works	everything_works	EXECUTE_BPN	csat	everything_works	null		ACTIVE	null	{"lowConfidenceCqaStatus":"ENABLED","twoIntentCqaStatus":"ENABLED","keyPhrases":["quit","nvm","stop","mind","do n't need"],"keyPhraseCreatorType":"AUTOMATIC"}	AUTOMATIC	SUSPEND	null	AUTOMATIC	null	null	IGNORE	null	null	#
#	faqGreetingTRIE	faqGreetingTRIE	EXECUTE_BPN	null	null	null	null	DISABLED	null	{"lowConfidenceCqaStatus":"ENABLED","twoIntentCqaStatus":"ENABLED","keyPhrases":[],"keyPhraseCreatorType":"MANUAL"}	AUTOMATIC	SUSPEND	null	AUTOMATIC	null	null	IGNORE	null	null	#
#	faq_Barbara_membership	faq_Barbara_membership	ANSWER_FAQ	null	null	null	Ms. Novick is a member of CFA Institute's Future of Finance Advisory Council and MSCI?s Editorial Advisory Board. She currently serves as a Trustee of Cornell University and the HCM Foundation. Ms. Novick previously served on the boards of Robert Toigo Foundation (2007 - 2010), UJA-Federation (2009 - 2015) and Westchester Day School (2000 - 2005), served as both Treasurer and Trustee of Westchester Jewish Center (1994 - 2012) and coached in the Westchester Youth Soccer League (1999 - 2015).	DISABLED	null	{"lowConfidenceCqaStatus":"ENABLED","twoIntentCqaStatus":"ENABLED","keyPhrases":["barbara","novick","boards","board","directors"],"keyPhraseCreatorType":"AUTOMATIC"}	ALWAYS	SUSPEND	null	AUTOMATIC	null	null	CONTINUE	null	null	#
#	faq_FutureAdvisor	faq_FutureAdvisor	ANSWER_FAQ	null	null	null	In 2015 BlackRock acquired FutureAdvisor, a leader in digital wealth management, with the goal of helping build better portfolios to meet client challenges.	DISABLED	null	{"lowConfidenceCqaStatus":"ENABLED","twoIntentCqaStatus":"ENABLED","keyPhrases":["futureadvisor","acquired","was acquired","fa","acquire"],"keyPhraseCreatorType":"AUTOMATIC"}	ALWAYS	SUSPEND	null	AUTOMATIC	null	null	CONTINUE	null	null	#
#	faq_asset_manager	faq_asset_manager	ANSWER_FAQ	null	null	null	BlackRock, Inc. the world's largest asset manager. BlackRock is an American global investment management corporation based in New York City. BlackRock is trusted to manage more money than any other investment firm. Our business is investing on behalf of our clients--from large institutions to parents and grandparents, teachers, nurses, doctors and people from all walks of life who entrust their savings to us. As of December 31, 2017, BlackRock's assets under management total US$6.28 trillion across equity, fixed income, cash management, alternative investment, real estate and advisory strategies. Through BlackRock Solutions ? the natural evolution of our long-standing investment in developing sophisticated and highly integrated systems ? we offer risk management, strategic advisory and enterprise investment system services to a broad base of clients.	DISABLED	null	{"lowConfidenceCqaStatus":"ENABLED","twoIntentCqaStatus":"ENABLED","keyPhrases":["world","assets","the world","the most assets","manages"],"keyPhraseCreatorType":"AUTOMATIC"}	ALWAYS	SUSPEND	null	AUTOMATIC	null	null	CONTINUE	null	null	#
#	faq_barbara_education	faq_barbara_education	ANSWER_FAQ	null	null	null	Ms. Novick earned a BA degree, cum laude, in economics from Cornell University.	DISABLED	null	{"lowConfidenceCqaStatus":"ENABLED","twoIntentCqaStatus":"ENABLED","keyPhrases":["novick","barbara","barbara novick","school","study"],"keyPhraseCreatorType":"AUTOMATIC"}	ALWAYS	SUSPEND	null	AUTOMATIC	null	null	CONTINUE	null	null	#
#	faq_ben_education	faq_ben_education	ANSWER_FAQ	null	null	null	Dr. Golub earned a SB degree and an SM degree in Management in 1978 and 1982 respectively, and a PhD degree in Applied Economics and Finance in 1984, all from the MIT Sloan School of Management.	DISABLED	null	{"lowConfidenceCqaStatus":"ENABLED","twoIntentCqaStatus":"ENABLED","keyPhrases":["golub","ben","ben golub","education","study"],"keyPhraseCreatorType":"AUTOMATIC"}	ALWAYS	SUSPEND	null	AUTOMATIC	null	null	CONTINUE	null	null	#
#	faq_ben_membership	faq_ben_membership	ANSWER_FAQ	null	null	null	Ben Golub is a member of the Board of the Global Association of Risk Professionals and the North American Executive Board of the MIT Sloan School of Management. He is also a member of the Financial Services &amp; Risk Management Subcommittee of the Financial Research Advisory Committee of the U.S. Treasury?s Office of Financial Research.	DISABLED	null	{"lowConfidenceCqaStatus":"ENABLED","twoIntentCqaStatus":"ENABLED","keyPhrases":["golub","ben","mr golub","board","ben golub"],"keyPhraseCreatorType":"AUTOMATIC"}	ALWAYS	SUSPEND	null	AUTOMATIC	null	null	CONTINUE	null	null	#
#	faq_br_bii	faq_br_bii	ANSWER_FAQ	null	null	null	BlackRock Investment Institute harnesses the power of collective intelligence across the firm to build a global knowledge-sharing platform for ourselves, clients and the broader public.	DISABLED	null	{"lowConfidenceCqaStatus":"ENABLED","twoIntentCqaStatus":"ENABLED","keyPhrases":["bii","institute","investment","the bii","the blackrock investment institute"],"keyPhraseCreatorType":"AUTOMATIC"}	ALWAYS	SUSPEND	null	AUTOMATIC	null	null	CONTINUE	null	null	#
#	faq_br_locations	faq_br_locations	ANSWER_FAQ	null	null	null	The last time I checked, BlackRock maintained offices in more than 30 countries around the world.	DISABLED	null	{"lowConfidenceCqaStatus":"ENABLED","twoIntentCqaStatus":"ENABLED","keyPhrases":["offices","locations","an office","office","located"],"keyPhraseCreatorType":"AUTOMATIC"}	ALWAYS	SUSPEND	null	AUTOMATIC	null	null	CONTINUE	null	null	#
#	faq_br_manages	faq_br_manages	ANSWER_FAQ	null	null	null	BlackRock, Inc. the world's largest asset manager. BlackRock is an American global investment management corporation based in New York City. BlackRock is trusted to manage more money than any other investment firm. Our business is investing on behalf of our clients--from large institutions to parents and grandparents, teachers, nurses, doctors and people from all walks of life who entrust their savings to us. As of December 31, 2017, BlackRock's assets under management total US$6.28 trillion across equity, fixed income, cash management, alternative investment, real estate and advisory strategies. Through BlackRock Solutions ? the natural evolution of our long-standing investment in developing sophisticated and highly integrated systems ? we offer risk management, strategic advisory and enterprise investment system services to a broad base of clients.	DISABLED	null	{"lowConfidenceCqaStatus":"ENABLED","twoIntentCqaStatus":"ENABLED","keyPhrases":["assets","blackrock","worth","money","net"],"keyPhraseCreatorType":"AUTOMATIC"}	ALWAYS	SUSPEND	null	AUTOMATIC	null	null	CONTINUE	null	null	#
#	faq_br_mission	faq_br_mission	ANSWER_FAQ	null	null	null	Our mission is to create a better financial future for our clients by building the most respected investment and risk manager in the world.	DISABLED	null	{"lowConfidenceCqaStatus":"ENABLED","twoIntentCqaStatus":"ENABLED","keyPhrases":["mission","statement","blackrock","goals","'s mission statement"],"keyPhraseCreatorType":"AUTOMATIC"}	ALWAYS	SUSPEND	null	AUTOMATIC	null	null	CONTINUE	null	null	#
#	faq_buy_etf	faq_buy_etf	ANSWER_FAQ	null	null	null	You can buy iShares ETFs through any brokerage account or through your financial advisor.	DISABLED	null	{"lowConfidenceCqaStatus":"ENABLED","twoIntentCqaStatus":"ENABLED","keyPhrases":["etf","an etf","etfs","brokerage","buy"],"keyPhraseCreatorType":"AUTOMATIC"}	ALWAYS	SUSPEND	null	AUTOMATIC	null	null	CONTINUE	null	null	#
#	faq_cachematrix	faq_cachematrix	ANSWER_FAQ	null	null	null	In 2017 BlackRock acquired Cachematrix, a leading provider of financial technology which simplifies the cash management process for banks and their corporate clients in streamlined, open-architecture platform.	DISABLED	null	{"lowConfidenceCqaStatus":"ENABLED","twoIntentCqaStatus":"ENABLED","keyPhrases":["cachematrix","cachmatrix","cashmatrix","acquired","cachmatrx"],"keyPhraseCreatorType":"AUTOMATIC"}	ALWAYS	SUSPEND	null	AUTOMATIC	null	null	CONTINUE	null	null	#
#	faq_ceo	faq_ceo	ANSWER_FAQ	null	null	null	Laurence D. Fink is Founder, Chairman and Chief Executive Officer of BlackRock, Inc. He also leads the firm's Global Executive Committee. Mr. Fink and seven partners founded BlackRock in 1988, and under his leadership, the firm has grown into a global leader in investment management, risk management and advisory services for institutional and retail clients. Today, the firm is trusted to manage more money than any other investment firm in the world. Mr. Fink was named one of the "World's Most Respected Leaders" by Fortune in 2016, "CEO of the Decade" by Financial News in 2011, and one of the "World's Best CEO's" by Barron's for 11 consecutive years.	DISABLED	null	{"lowConfidenceCqaStatus":"ENABLED","twoIntentCqaStatus":"ENABLED","keyPhrases":["ceo","fink","larry","larry fink","the ceo"],"keyPhraseCreatorType":"AUTOMATIC"}	ALWAYS	SUSPEND	null	AUTOMATIC	null	null	CONTINUE	null	null	#
#	faq_employee_count	faq_employee_count	EXECUTE_BPN	how_many_people	null	null	The last time I checked, BlackRock employed approximately 14,000 employees in more than 30 countries around the world.	DISABLED	null	{"lowConfidenceCqaStatus":"ENABLED","twoIntentCqaStatus":"ENABLED","keyPhrases":["employees","people","how many employees","how many people","blackrock"],"keyPhraseCreatorType":"AUTOMATIC"}	ALWAYS	SUSPEND	null	AUTOMATIC	null	null	CONTINUE	null	null	#
#	faq_etfs	faq_etfs	ANSWER_FAQ	null	null	null	An ETF is a fund that trades on an exchange like a stock. iShares ETFs are built for one purpose: to help you be a better investor. For more than two decades, we have met evolving realities with innovation so you can unlock potential opportunity across markets and strategies.	DISABLED	null	{"lowConfidenceCqaStatus":"ENABLED","twoIntentCqaStatus":"ENABLED","keyPhrases":["etf","etfs","traded","exchange","funds"],"keyPhraseCreatorType":"AUTOMATIC"}	ALWAYS	SUSPEND	null	AUTOMATIC	null	null	CONTINUE	null	null	#
#	faq_founders	faq_founders	ANSWER_FAQ	null	null	null	The founders of BlackRock are Larry Fink, Robert Kapito, Susan Wagner, Barbara Novick, Ben Golub, Hugh Frater, Ralph Schlosstein, and Keith Anderson.	DISABLED	null	{"lowConfidenceCqaStatus":"ENABLED","twoIntentCqaStatus":"ENABLED","keyPhrases":["founders","founded","company","started","blackrock"],"keyPhraseCreatorType":"AUTOMATIC"}	ALWAYS	SUSPEND	null	AUTOMATIC	null	null	CONTINUE	null	null	#
#	faq_greeting	faq_greeting	EXECUTE_BPN	helloGreetingTeams	null	null	null	DISABLED	null	{"lowConfidenceCqaStatus":"ENABLED","twoIntentCqaStatus":"ENABLED","keyPhrases":["hi","hello"],"keyPhraseCreatorType":"MANUAL"}	AUTOMATIC	SUSPEND	null	AUTOMATIC	null	null	IGNORE	null	null	#
#	faq_headquarters	faq_headquarters	ANSWER_FAQ	null	null	null	BlackRock has headquarters at 55 East 52nd Street, New York, NY 10055, United States.	DISABLED	null	{"lowConfidenceCqaStatus":"ENABLED","twoIntentCqaStatus":"ENABLED","keyPhrases":["headquarters","hq","'s headquarters","blackrock","located"],"keyPhraseCreatorType":"AUTOMATIC"}	ALWAYS	SUSPEND	null	AUTOMATIC	null	null	CONTINUE	null	null	#
#	faq_how_is_the_weather	faq_how_is_the_weather	ANSWER_FAQ	null	how_is_the_weather	null	All sunshine and rainbows from where I sit.|||Sorry, I'm not sure, I haven't been outside in ages.|||You may want to look out a window as I can only see 1's and 0's where I am....|||I am not sure how it is by you, but it's nice and cool here in the data center.	DISABLED	null	{"lowConfidenceCqaStatus":"ENABLED","twoIntentCqaStatus":"ENABLED","keyPhrases":["weather","the weather","rain","tomorrow","forecast"],"keyPhraseCreatorType":"AUTOMATIC"}	ALWAYS	SUSPEND	null	AUTOMATIC	null	null	CONTINUE	null	null	#
#	faq_iRetire	faq_iRetire	ANSWER_FAQ	null	null	null	iRetire is a sophisticated investing solution that will help advisors reframe the retirement conversation away from the traditional nest egg to focus on the income their clients will have each year in retirement.	DISABLED	null	{"lowConfidenceCqaStatus":"ENABLED","twoIntentCqaStatus":"ENABLED","keyPhrases":["iretire","explain","retirement","tell","information"],"keyPhraseCreatorType":"AUTOMATIC"}	ALWAYS	SUSPEND	null	AUTOMATIC	null	null	CONTINUE	null	null	#
#	faq_ishare	faq_ishare	ANSWER_FAQ	null	null	null	iShares is a family of exchange-traded funds managed by BlackRock.	DISABLED	null	{"lowConfidenceCqaStatus":"ENABLED","twoIntentCqaStatus":"ENABLED","keyPhrases":["ishares","ishare","an ishare","advantage","benefit"],"keyPhraseCreatorType":"AUTOMATIC"}	ALWAYS	SUSPEND	null	AUTOMATIC	null	null	CONTINUE	null	null	#
#	faq_larry_education	faq_larry_education	ANSWER_FAQ	null	null	null	Mr. Fink earned an M.B.A. degree with a concentration in real estate from the University of California at Los Angeles (UCLA) in 1976 and a B.A. degree in political science from UCLA in 1974.	DISABLED	null	{"lowConfidenceCqaStatus":"ENABLED","twoIntentCqaStatus":"ENABLED","keyPhrases":["larry","fink","larry fink","school","education"],"keyPhraseCreatorType":"AUTOMATIC"}	ALWAYS	SUSPEND	null	AUTOMATIC	null	null	CONTINUE	null	null	#
#	faq_larry_memberships	faq_larry_memberships	ANSWER_FAQ	null	null	null	Mr. Fink serves as a member of the Board of Trustees of New York University and is Co-Chairman of the NYU Langone Medical Center Board of Trustees. He also serves on the boards of the Museum of Modern Art (MoMA), the Council on Foreign Relations, and the Nature Conservancy. He is also an Executive Committee member of the Partnership for New York City.	DISABLED	null	{"lowConfidenceCqaStatus":"ENABLED","twoIntentCqaStatus":"ENABLED","keyPhrases":["board","fink","larry","boards","kapito"],"keyPhraseCreatorType":"AUTOMATIC"}	ALWAYS	SUSPEND	null	AUTOMATIC	null	null	CONTINUE	null	null	#
#	faq_most_assest	faq_most_assest	ANSWER_FAQ	null	null	null	BlackRock is the world's largest asset manager.	DISABLED	null	{"lowConfidenceCqaStatus":"ENABLED","twoIntentCqaStatus":"ENABLED","keyPhrases":["blackrock","company","tell","profile","details"],"keyPhraseCreatorType":"AUTOMATIC"}	ALWAYS	SUSPEND	null	AUTOMATIC	null	null	CONTINUE	null	null	#
#	faq_objectives	faq_objectives	ANSWER_FAQ	null	null	null	Our mission is to create a better financial future for our clients by building the most respected investment and risk manager in the world.	DISABLED	null	{"lowConfidenceCqaStatus":"ENABLED","twoIntentCqaStatus":"ENABLED","keyPhrases":["objectives","blackrock objectives","objctve","br objectives","blackrocks"],"keyPhraseCreatorType":"AUTOMATIC"}	ALWAYS	SUSPEND	null	AUTOMATIC	null	null	CONTINUE	null	null	#
#	faq_principles	faq_principles	ANSWER_FAQ	null	null	null	1. We are fiduciary to our clients 2. We are passionate about performance 3. We are one BlackRock 4. We are innovators	DISABLED	null	{"lowConfidenceCqaStatus":"ENABLED","twoIntentCqaStatus":"ENABLED","keyPhrases":["principles","prncpls","blackrock","stand","values"],"keyPhraseCreatorType":"AUTOMATIC"}	ALWAYS	SUSPEND	null	AUTOMATIC	null	null	CONTINUE	null	null	#
#	faq_robert_education	faq_robert_education	ANSWER_FAQ	null	null	null	Mr. Kapito earned a BS degree in economics from the Wharton School of the University of Pennsylvania in 1979, and an MBA degree from Harvard Business School in 1983.	DISABLED	null	{"lowConfidenceCqaStatus":"ENABLED","twoIntentCqaStatus":"ENABLED","keyPhrases":["kapito","robert","school","study","robert kapito"],"keyPhraseCreatorType":"AUTOMATIC"}	ALWAYS	SUSPEND	null	AUTOMATIC	null	null	CONTINUE	null	null	#
#	faq_robert_memberships	faq_robert_memberships	ANSWER_FAQ	null	null	null	Mr. Kapito serves as a member of the Board of Trustees of the University of Pennsylvania and the Harvard Business School Board of Dean?s Advisors. He is also President of the Board of Directors for the Hope &amp; Heroes Children?s Cancer Fund. Mr. Kapito is the recipient of the 2009 Joseph Wharton Leadership Award, the Marine Corps-Law Enforcement Foundation?s 2010 Semper Fidelis Award and is a frequent public speaker on best practices in investment management.	DISABLED	null	{"lowConfidenceCqaStatus":"ENABLED","twoIntentCqaStatus":"ENABLED","keyPhrases":["kapito","robert","robert kapito","board","boards"],"keyPhraseCreatorType":"AUTOMATIC"}	ALWAYS	SUSPEND	null	AUTOMATIC	null	null	CONTINUE	null	null	#
#	faq_what_is_your_age	faq_what_is_your_age	ANSWER_FAQ	null	null	null	It's not polite to ask a woman her age. If you must know though I was created by Chetan Dube in 2014.	DISABLED	null	{"lowConfidenceCqaStatus":"ENABLED","twoIntentCqaStatus":"ENABLED","keyPhrases":["age","your age","how many years","sound","young"],"keyPhraseCreatorType":"AUTOMATIC"}	ALWAYS	SUSPEND	null	AUTOMATIC	null	null	CONTINUE	null	null	#
#	faq_where_do_you_live	faq_where_do_you_live	ANSWER_FAQ	testEndFlow	null	null	At BlackRock HQ.	DISABLED	null	{"lowConfidenceCqaStatus":"ENABLED","twoIntentCqaStatus":"ENABLED","keyPhrases":["live","reside","located","home","your home"],"keyPhraseCreatorType":"AUTOMATIC"}	ALWAYS	SUSPEND	null	AUTOMATIC	null	null	CONTINUE	null	null	#
#	faq_who_are_you	faq_who_are_you	ANSWER_FAQ	null	null	null	I'm Amelia, BlackRock's first Digital Worker. I've been trained on a variety of Help Desk tasks.	DISABLED	null	{"lowConfidenceCqaStatus":"ENABLED","twoIntentCqaStatus":"ENABLED","keyPhrases":["yourself","your name","identify","name","introduce"],"keyPhraseCreatorType":"AUTOMATIC"}	ALWAYS	SUSPEND	null	AUTOMATIC	null	null	CONTINUE	null	null	#
#	faq_who_is_your_daddy	faq_who_is_your_daddy	ANSWER_FAQ	null	faq_who_is_your_daddy	null	My creator is Chetan Dube. He is a mathematician.	DISABLED	null	{"lowConfidenceCqaStatus":"ENABLED","twoIntentCqaStatus":"ENABLED","keyPhrases":["mother","father","your father","created","your mother"],"keyPhraseCreatorType":"AUTOMATIC"}	ALWAYS	SUSPEND	null	AUTOMATIC	null	null	CONTINUE	null	null	#
#	front_end_message	front_end_message	EXECUTE_BPN	frontEndMessage	null	null	null	ACTIVE	null	{"lowConfidenceCqaStatus":"ENABLED","twoIntentCqaStatus":"ENABLED","keyPhrases":[],"keyPhraseCreatorType":"MANUAL"}	AUTOMATIC	SUSPEND	null	AUTOMATIC	null	message.type	IGNORE	null	null	#
#	greetingIntent	greetingintent	EXECUTE_BPN	greeting	greetingIntent	null	null	DISABLED	null	{"lowConfidenceCqaStatus":"ENABLED","twoIntentCqaStatus":"ENABLED","keyPhrases":[],"keyPhraseCreatorType":"MANUAL"}	NEVER	SUSPEND	null	NEVER	null	null	IGNORE	null	null	#
#	guestDelete	guestdelete	EXECUTE_BPN	masterwifi	null	null		DISABLED	null	{"lowConfidenceCqaStatus":"ENABLED","twoIntentCqaStatus":"ENABLED","keyPhrases":[],"keyPhraseCreatorType":"MANUAL"}	ALWAYS	SUSPEND	null	AUTOMATIC	null	null	CONTINUE	null	null	#
#	guestDownload	guestdownload	EXECUTE_BPN	masterwifi	null	null		DISABLED	null	{"lowConfidenceCqaStatus":"ENABLED","twoIntentCqaStatus":"ENABLED","keyPhrases":[],"keyPhraseCreatorType":"MANUAL"}	ALWAYS	SUSPEND	null	AUTOMATIC	null	null	CONTINUE	null	null	#
#	guestEdit	guestedit	EXECUTE_BPN	masterwifi	null	null		DISABLED	null	{"lowConfidenceCqaStatus":"ENABLED","twoIntentCqaStatus":"ENABLED","keyPhrases":[],"keyPhraseCreatorType":"MANUAL"}	ALWAYS	SUSPEND	null	AUTOMATIC	null	null	CONTINUE	null	null	#
#	guestReg	guestreg	EXECUTE_BPN	masterWifi	Guest Wi-Fi Registration	null		ACTIVE	null	{"lowConfidenceCqaStatus":"ENABLED","twoIntentCqaStatus":"ENABLED","keyPhrases":["guest","wifi","guests","registration","register"],"keyPhraseCreatorType":"MANUAL"}	ALWAYS	SUSPEND	Would you like to cancel your guest registration?	AUTOMATIC	null	null	CONTINUE	null	null	#
#	guestUpload	guestupload	EXECUTE_BPN	masterwifi	null	null		DISABLED	null	{"lowConfidenceCqaStatus":"ENABLED","twoIntentCqaStatus":"ENABLED","keyPhrases":[],"keyPhraseCreatorType":"MANUAL"}	ALWAYS	SUSPEND	null	AUTOMATIC	null	null	CONTINUE	null	null	#
#	helpdeskPhoneNumber	helpdeskPhoneNumber	EXECUTE_BPN	helpdeskPhoneNumber	null	null	null	ACTIVE	null	{"lowConfidenceCqaStatus":"ENABLED","twoIntentCqaStatus":"ENABLED","keyPhrases":[],"keyPhraseCreatorType":"MANUAL"}	AUTOMATIC	SUSPEND	null	AUTOMATIC	null	null	IGNORE	null	null	#
#	hostIDInstructions	hostidinstructions	EXECUTE_BPN	displayHostIDInstructions	Guest Wi-Fi Registration	null	null	ACTIVE	null	{"lowConfidenceCqaStatus":"ENABLED","twoIntentCqaStatus":"ENABLED","keyPhrases":["id","userid","username","user","hostid"],"keyPhraseCreatorType":"MANUAL"}	ALWAYS	SUSPEND	null	AUTOMATIC	null	null	CONTINUE	null	null	#
#	idk_SE9P3Oc	idk_SE9P3Oc	EXECUTE_BPN	preEscalate-Voice	null	null	null	PENDING	null	null	AUTOMATIC	SUSPEND	null	AUTOMATIC	null	null	IGNORE	null	null	#
#	immediate_escalate	immediate_escalate	EXECUTE_BPN	immediateEscalate	immediate_escalate	What else can I assist you with today?		ACTIVE	null	{"lowConfidenceCqaStatus":"ENABLED","twoIntentCqaStatus":"ENABLED","keyPhrases":["talk","real","human","live","agent"],"keyPhraseCreatorType":"MANUAL"}	ALWAYS	SUSPEND	null	AUTOMATIC	null	null	CONTINUE	null	null	#
#	iphoneUnlock	iphoneunlock	EXECUTE_BPN	chatiPhoneUnlock	iPhone Unlock	null	null	ACTIVE	null	{"lowConfidenceCqaStatus":"ENABLED","twoIntentCqaStatus":"ENABLED","keyPhrases":[],"keyPhraseCreatorType":"MANUAL"}	AUTOMATIC	COMPLETE	null	AUTOMATIC	null	null	IGNORE	null	null	#
#	mobileIOsEnforcement	mobileIssue	EXECUTE_BPN	mp_iOsEnforcement	Mobile related Issues	null	null	ACTIVE	null	{"lowConfidenceCqaStatus":"ENABLED","twoIntentCqaStatus":"ENABLED","keyPhrases":["mobile"],"keyPhraseCreatorType":"MANUAL"}	AUTOMATIC	SUSPEND	null	AUTOMATIC	null	null	IGNORE	null	null	#
#	primaryDataCheckQuality	primarydata-checkquality	EXECUTE_BPN	primaryDataCheckQuality	Primary Data Request	null	null	ACTIVE	null	{"lowConfidenceCqaStatus":"ENABLED","twoIntentCqaStatus":"ENABLED","keyPhrases":["date","run","project","dataset","data"],"keyPhraseCreatorType":"MANUAL"}	AUTOMATIC	SUSPEND	null	AUTOMATIC	null	null	IGNORE	null	null	#
#	primaryDataGeneric	primarydatageneric	EXECUTE_BPN	primaryDataGeneric	Primary Data Request	null	null	ACTIVE	null	{"lowConfidenceCqaStatus":"ENABLED","twoIntentCqaStatus":"ENABLED","keyPhrases":["primary data","primary","data","question","primary data question"],"keyPhraseCreatorType":"MANUAL"}	AUTOMATIC	SUSPEND	null	AUTOMATIC	null	null	IGNORE	null	null	#
#	primaryDataGetAccess	primarydatagetaccess	EXECUTE_BPN	primaryDataGetAccess	Primary Data Request	null	null	ACTIVE	null	{"lowConfidenceCqaStatus":"ENABLED","twoIntentCqaStatus":"ENABLED","keyPhrases":["dataset","data","project","access","view"],"keyPhraseCreatorType":"MANUAL"}	AUTOMATIC	SUSPEND	null	AUTOMATIC	null	null	IGNORE	null	null	#
#	reset_password	reset_password	EXECUTE_BPN	passMaster	Reset/Unlock Password	What else can I assist you with today?		ACTIVE	null	{"lowConfidenceCqaStatus":"ENABLED","twoIntentCqaStatus":"ENABLED","keyPhrases":["password","reset","windows","my password","rsa"],"keyPhraseCreatorType":"MANUAL"}	ALWAYS	SUSPEND	null	AUTOMATIC	greeting	null	CONTINUE	null	null	#
#	reset_rsa	reset_rsa	EXECUTE_BPN	RSASecureID_ReferToDUO	reset_rsa	null		DISABLED	null	{"lowConfidenceCqaStatus":"ENABLED","twoIntentCqaStatus":"ENABLED","keyPhrases":["rsa","token","pin","id","reset"],"keyPhraseCreatorType":"AUTOMATIC"}	ALWAYS	SUSPEND	null	AUTOMATIC	null	null	CONTINUE	null	null	#
#	sharedFolder	sharedfolder	EXECUTE_BPN	SharedFolder	null	null	null	DISABLED	null	{"lowConfidenceCqaStatus":"ENABLED","twoIntentCqaStatus":"ENABLED","keyPhrases":["shared folder","shared files","shared directory"],"keyPhraseCreatorType":"MANUAL"}	NEVER	SUSPEND	null	AUTOMATIC	null	null	IGNORE	null	null	#
#	stockPrice	stockprice	EXECUTE_BPN	stockPrice	null	null	null	ACTIVE	null	{"lowConfidenceCqaStatus":"ENABLED","twoIntentCqaStatus":"ENABLED","keyPhrases":["stock","price","share","how much","blackrock"],"keyPhraseCreatorType":"AUTOMATIC"}	AUTOMATIC	SUSPEND	null	AUTOMATIC	null	null	CONTINUE	null	null	#
#	unknown_issue	unknown_issue	EXECUTE_BPN	unknownIssue	unknown_issue	null	null	DISABLED	null	{"lowConfidenceCqaStatus":"ENABLED","twoIntentCqaStatus":"ENABLED","keyPhrases":["id","recover","remember","username","my username"],"keyPhraseCreatorType":"AUTOMATIC"}	ALWAYS	SUSPEND	null	AUTOMATIC	null	null	CONTINUE	null	null	#
#	useCase_info	useCase_info	EXECUTE_BPN	helpInstructions	null	null	null	ACTIVE	duoYubikey	{"lowConfidenceCqaStatus":"ENABLED","twoIntentCqaStatus":"ENABLED","keyPhrases":["options","provide","can do","info","questions"],"keyPhraseCreatorType":"AUTOMATIC"}	AUTOMATIC	COMPLETE	null	AUTOMATIC	greeting	null	CONTINUE	null	null	#
#	user_refuse_answer	user_refuse_answer	EXECUTE_BPN	null	user_refuse_answer	null		DISABLED	null	{"lowConfidenceCqaStatus":"ENABLED","twoIntentCqaStatus":"ENABLED","keyPhrases":["badge","my badge","birth","my date","left"],"keyPhraseCreatorType":"AUTOMATIC"}	ALWAYS	SUSPEND	null	AUTOMATIC	null	null	CONTINUE	null	null	#
#	wait_for_user_input	wait_for_user_input	EXECUTE_BPN	hold_on	wait_for_user_input	null		ACTIVE	null	{"lowConfidenceCqaStatus":"ENABLED","twoIntentCqaStatus":"ENABLED","keyPhrases":["wait","hold","moment","minute","a moment"],"keyPhraseCreatorType":"AUTOMATIC"}	ALWAYS	SUSPEND	null	AUTOMATIC	null	null	CONTINUE	null	null	#